;					
;					
;					
;					
;					
;					
;					
;					
;					
;					
;					
;					
;					1000000 = 100
;					100000 = 10
;					10000 = 1
;인덱스	보석 인덱스	타입별 인덱스	보석 옵션	수치	확률
;3급 홍안석					
1	3602	1	1	10	8334
2	3602	2	1	20	8334
3	3602	3	1	30	8334
4	3602	4	1	40	8334
5	3602	5	1	50	8334
6	3602	6	1	60	8334
7	3602	7	1	70	8334
8	3602	8	1	80	8334
9	3602	9	1	90	8334
10	3602	10	1	100	8334
11	3602	11	1	110	8334
12	3602	12	1	120	8334
13	3602	13	1	130	8334
14	3602	14	1	140	8334
15	3602	15	1	150	8334
16	3602	16	1	160	8334
17	3602	17	1	170	8334
18	3602	18	1	180	8334
19	3602	19	1	190	8334
20	3602	20	1	200	8334
21	3602	21	2	10	8334
22	3602	22	2	20	8334
23	3602	23	2	30	8334
24	3602	24	2	40	8334
25	3602	25	2	50	8334
26	3602	26	2	60	8334
27	3602	27	2	70	8334
28	3602	28	2	80	8334
29	3602	29	2	90	8334
30	3602	30	2	100	8334
31	3602	31	2	110	8334
32	3602	32	2	120	8334
33	3602	33	2	130	8334
34	3602	34	2	140	8334
35	3602	35	2	150	8334
36	3602	36	2	160	8334
37	3602	37	2	170	8334
38	3602	38	2	180	8334
39	3602	39	2	190	8334
40	3602	40	2	200	8334
41	3602	41	21	1000	8333
42	3602	42	21	2000	8333
43	3602	43	21	3000	8333
44	3602	44	21	4000	8333
45	3602	45	21	5000	8333
46	3602	46	21	6000	8333
47	3602	47	21	7000	8333
48	3602	48	21	8000	8333
49	3602	49	21	9000	8333
50	3602	50	21	10000	8333
51	3602	51	21	11000	8333
52	3602	52	21	12000	8333
53	3602	53	21	13000	8333
54	3602	54	21	14000	8333
55	3602	55	21	15000	8333
56	3602	56	21	16000	8333
57	3602	57	21	17000	8333
58	3602	58	21	18000	8333
59	3602	59	21	19000	8333
60	3602	60	21	20000	8333
61	3602	61	22	50	8333
62	3602	62	22	100	8333
63	3602	63	22	150	8333
64	3602	64	22	200	8333
65	3602	65	22	250	8333
66	3602	66	22	300	8333
67	3602	67	22	350	8333
68	3602	68	22	400	8333
69	3602	69	22	450	8333
70	3602	70	22	500	8333
71	3602	71	22	550	8333
72	3602	72	22	600	8333
73	3602	73	22	650	8333
74	3602	74	22	700	8333
75	3602	75	22	750	8333
76	3602	76	22	800	8333
77	3602	77	22	850	8333
78	3602	78	22	900	8333
79	3602	79	22	950	8333
80	3602	80	22	1000	8333
81	3602	81	3	20	8333
82	3602	82	3	40	8333
83	3602	83	3	60	8333
84	3602	84	3	80	8333
85	3602	85	3	100	8333
86	3602	86	3	120	8333
87	3602	87	3	140	8333
88	3602	88	3	160	8333
89	3602	89	3	180	8333
90	3602	90	3	200	8333
91	3602	91	3	220	8333
92	3602	92	3	240	8333
93	3602	93	3	260	8333
94	3602	94	3	280	8333
95	3602	95	3	300	8333
96	3602	96	3	320	8333
97	3602	97	3	340	8333
98	3602	98	3	360	8333
99	3602	99	3	380	8333
100	3602	100	3	400	8333
101	3602	101	101	1	8333
102	3602	102	101	2	8333
103	3602	103	101	3	8333
104	3602	104	101	4	8333
105	3602	105	102	1	8333
106	3602	106	102	2	8333
107	3602	107	102	3	8333
108	3602	108	102	4	8333
109	3602	109	121	1	8333
110	3602	110	121	2	8333
111	3602	111	121	3	8333
112	3602	112	121	4	8333
113	3602	113	122	1	8333
114	3602	114	122	2	8333
115	3602	115	122	3	8333
116	3602	116	122	4	8333
117	3602	117	103	1	8333
118	3602	118	103	2	8333
119	3602	119	103	3	8333
120	3602	120	103	4	8333
;2급 홍안석					
121	3608	1	1	10	5556
122	3608	2	1	20	5556
123	3608	3	1	30	5556
124	3608	4	1	40	5556
125	3608	5	1	50	5556
126	3608	6	1	60	5556
127	3608	7	1	70	5556
128	3608	8	1	80	5556
129	3608	9	1	90	5556
130	3608	10	1	100	5556
131	3608	11	1	110	5556
132	3608	12	1	120	5556
133	3608	13	1	130	5556
134	3608	14	1	140	5556
135	3608	15	1	150	5556
136	3608	16	1	160	5556
137	3608	17	1	170	5556
138	3608	18	1	180	5556
139	3608	19	1	190	5556
140	3608	20	1	200	5556
141	3608	21	1	210	5556
142	3608	22	1	220	5556
143	3608	23	1	230	5556
144	3608	24	1	240	5556
145	3608	25	1	250	5556
146	3608	26	1	260	5556
147	3608	27	1	270	5556
148	3608	28	1	280	5556
149	3608	29	1	290	5556
150	3608	30	1	300	5556
151	3608	31	2	10	5556
152	3608	32	2	20	5556
153	3608	33	2	30	5556
154	3608	34	2	40	5556
155	3608	35	2	50	5556
156	3608	36	2	60	5556
157	3608	37	2	70	5556
158	3608	38	2	80	5556
159	3608	39	2	90	5556
160	3608	40	2	100	5556
161	3608	41	2	110	5556
162	3608	42	2	120	5556
163	3608	43	2	130	5556
164	3608	44	2	140	5556
165	3608	45	2	150	5556
166	3608	46	2	160	5556
167	3608	47	2	170	5556
168	3608	48	2	180	5556
169	3608	49	2	190	5556
170	3608	50	2	200	5556
171	3608	51	2	210	5556
172	3608	52	2	220	5556
173	3608	53	2	230	5556
174	3608	54	2	240	5556
175	3608	55	2	250	5556
176	3608	56	2	260	5556
177	3608	57	2	270	5556
178	3608	58	2	280	5556
179	3608	59	2	290	5556
180	3608	60	2	300	5556
181	3608	61	21	1000	5556
182	3608	62	21	2000	5556
183	3608	63	21	3000	5556
184	3608	64	21	4000	5556
185	3608	65	21	5000	5556
186	3608	66	21	6000	5556
187	3608	67	21	7000	5556
188	3608	68	21	8000	5556
189	3608	69	21	9000	5556
190	3608	70	21	10000	5556
191	3608	71	21	11000	5556
192	3608	72	21	12000	5556
193	3608	73	21	13000	5556
194	3608	74	21	14000	5556
195	3608	75	21	15000	5556
196	3608	76	21	16000	5556
197	3608	77	21	17000	5556
198	3608	78	21	18000	5556
199	3608	79	21	19000	5556
200	3608	80	21	20000	5556
201	3608	81	21	21000	5556
202	3608	82	21	22000	5556
203	3608	83	21	23000	5556
204	3608	84	21	24000	5556
205	3608	85	21	25000	5556
206	3608	86	21	26000	5556
207	3608	87	21	27000	5556
208	3608	88	21	28000	5556
209	3608	89	21	29000	5556
210	3608	90	21	30000	5556
211	3608	91	22	50	5556
212	3608	92	22	100	5556
213	3608	93	22	150	5556
214	3608	94	22	200	5556
215	3608	95	22	250	5556
216	3608	96	22	300	5556
217	3608	97	22	350	5556
218	3608	98	22	400	5556
219	3608	99	22	450	5556
220	3608	100	22	500	5556
221	3608	101	22	550	5555
222	3608	102	22	600	5555
223	3608	103	22	650	5555
224	3608	104	22	700	5555
225	3608	105	22	750	5555
226	3608	106	22	800	5555
227	3608	107	22	850	5555
228	3608	108	22	900	5555
229	3608	109	22	950	5555
230	3608	110	22	1000	5555
231	3608	111	22	1050	5555
232	3608	112	22	1100	5555
233	3608	113	22	1150	5555
234	3608	114	22	1200	5555
235	3608	115	22	1250	5555
236	3608	116	22	1300	5555
237	3608	117	22	1350	5555
238	3608	118	22	1400	5555
239	3608	119	22	1450	5555
240	3608	120	22	1500	5555
241	3608	121	3	20	5555
242	3608	122	3	40	5555
243	3608	123	3	60	5555
244	3608	124	3	80	5555
245	3608	125	3	100	5555
246	3608	126	3	120	5555
247	3608	127	3	140	5555
248	3608	128	3	160	5555
249	3608	129	3	180	5555
250	3608	130	3	200	5555
251	3608	131	3	220	5555
252	3608	132	3	240	5555
253	3608	133	3	260	5555
254	3608	134	3	280	5555
255	3608	135	3	300	5555
256	3608	136	3	320	5555
257	3608	137	3	340	5555
258	3608	138	3	360	5555
259	3608	139	3	380	5555
260	3608	140	3	400	5555
261	3608	141	3	420	5555
262	3608	142	3	440	5555
263	3608	143	3	460	5555
264	3608	144	3	480	5555
265	3608	145	3	500	5555
266	3608	146	3	520	5555
267	3608	147	3	540	5555
268	3608	148	3	560	5555
269	3608	149	3	580	5555
270	3608	150	3	600	5555
271	3608	151	101	1	5555
272	3608	152	101	2	5555
273	3608	153	101	3	5555
274	3608	154	101	4	5555
275	3608	155	101	5	5555
276	3608	156	101	6	5555
277	3608	157	102	1	5555
278	3608	158	102	2	5555
279	3608	159	102	3	5555
280	3608	160	102	4	5555
281	3608	161	102	5	5555
282	3608	162	102	6	5555
283	3608	163	121	1	5555
284	3608	164	121	2	5555
285	3608	165	121	3	5555
286	3608	166	121	4	5555
287	3608	167	121	5	5555
288	3608	168	121	6	5555
289	3608	169	122	1	5555
290	3608	170	122	2	5555
291	3608	171	122	3	5555
292	3608	172	122	4	5555
293	3608	173	122	5	5555
294	3608	174	122	6	5555
295	3608	175	103	1	5555
296	3608	176	103	2	5555
297	3608	177	103	3	5555
298	3608	178	103	4	5555
299	3608	179	103	5	5555
300	3608	180	103	6	5555
;1급 홍안석					
301	3614	1	1	110	5556
302	3614	2	1	120	5556
303	3614	3	1	130	5556
304	3614	4	1	140	5556
305	3614	5	1	150	5556
306	3614	6	1	160	5556
307	3614	7	1	170	5556
308	3614	8	1	180	5556
309	3614	9	1	190	5556
310	3614	10	1	200	5556
311	3614	11	1	210	5556
312	3614	12	1	220	5556
313	3614	13	1	230	5556
314	3614	14	1	240	5556
315	3614	15	1	250	5556
316	3614	16	1	260	5556
317	3614	17	1	270	5556
318	3614	18	1	280	5556
319	3614	19	1	290	5556
320	3614	20	1	300	5556
321	3614	21	1	310	5556
322	3614	22	1	320	5556
323	3614	23	1	330	5556
324	3614	24	1	340	5556
325	3614	25	1	350	5556
326	3614	26	1	360	5556
327	3614	27	1	370	5556
328	3614	28	1	380	5556
329	3614	29	1	390	5556
330	3614	30	1	400	5556
331	3614	31	2	110	5556
332	3614	32	2	120	5556
333	3614	33	2	130	5556
334	3614	34	2	140	5556
335	3614	35	2	150	5556
336	3614	36	2	160	5556
337	3614	37	2	170	5556
338	3614	38	2	180	5556
339	3614	39	2	190	5556
340	3614	40	2	200	5556
341	3614	41	2	210	5556
342	3614	42	2	220	5556
343	3614	43	2	230	5556
344	3614	44	2	240	5556
345	3614	45	2	250	5556
346	3614	46	2	260	5556
347	3614	47	2	270	5556
348	3614	48	2	280	5556
349	3614	49	2	290	5556
350	3614	50	2	300	5556
351	3614	51	2	310	5556
352	3614	52	2	320	5556
353	3614	53	2	330	5556
354	3614	54	2	340	5556
355	3614	55	2	350	5556
356	3614	56	2	360	5556
357	3614	57	2	370	5556
358	3614	58	2	380	5556
359	3614	59	2	390	5556
360	3614	60	2	400	5556
361	3614	61	21	11000	5556
362	3614	62	21	12000	5556
363	3614	63	21	13000	5556
364	3614	64	21	14000	5556
365	3614	65	21	15000	5556
366	3614	66	21	16000	5556
367	3614	67	21	17000	5556
368	3614	68	21	18000	5556
369	3614	69	21	19000	5556
370	3614	70	21	20000	5556
371	3614	71	21	21000	5556
372	3614	72	21	22000	5556
373	3614	73	21	23000	5556
374	3614	74	21	24000	5556
375	3614	75	21	25000	5556
376	3614	76	21	26000	5556
377	3614	77	21	27000	5556
378	3614	78	21	28000	5556
379	3614	79	21	29000	5556
380	3614	80	21	30000	5556
381	3614	81	21	31000	5556
382	3614	82	21	32000	5556
383	3614	83	21	33000	5556
384	3614	84	21	34000	5556
385	3614	85	21	35000	5556
386	3614	86	21	36000	5556
387	3614	87	21	37000	5556
388	3614	88	21	38000	5556
389	3614	89	21	39000	5556
390	3614	90	21	40000	5556
391	3614	91	22	550	5556
392	3614	92	22	600	5556
393	3614	93	22	650	5556
394	3614	94	22	700	5556
395	3614	95	22	750	5556
396	3614	96	22	800	5556
397	3614	97	22	850	5556
398	3614	98	22	900	5556
399	3614	99	22	950	5556
400	3614	100	22	1000	5556
401	3614	101	22	1050	5555
402	3614	102	22	1100	5555
403	3614	103	22	1150	5555
404	3614	104	22	1200	5555
405	3614	105	22	1250	5555
406	3614	106	22	1300	5555
407	3614	107	22	1350	5555
408	3614	108	22	1400	5555
409	3614	109	22	1450	5555
410	3614	110	22	1500	5555
411	3614	111	22	1550	5555
412	3614	112	22	1600	5555
413	3614	113	22	1650	5555
414	3614	114	22	1700	5555
415	3614	115	22	1750	5555
416	3614	116	22	1800	5555
417	3614	117	22	1850	5555
418	3614	118	22	1900	5555
419	3614	119	22	1950	5555
420	3614	120	22	2000	5555
421	3614	121	3	220	5555
422	3614	122	3	240	5555
423	3614	123	3	260	5555
424	3614	124	3	280	5555
425	3614	125	3	300	5555
426	3614	126	3	320	5555
427	3614	127	3	340	5555
428	3614	128	3	360	5555
429	3614	129	3	380	5555
430	3614	130	3	400	5555
431	3614	131	3	420	5555
432	3614	132	3	440	5555
433	3614	133	3	460	5555
434	3614	134	3	480	5555
435	3614	135	3	500	5555
436	3614	136	3	520	5555
437	3614	137	3	540	5555
438	3614	138	3	560	5555
439	3614	139	3	580	5555
440	3614	140	3	600	5555
441	3614	141	3	620	5555
442	3614	142	3	640	5555
443	3614	143	3	660	5555
444	3614	144	3	680	5555
445	3614	145	3	700	5555
446	3614	146	3	720	5555
447	3614	147	3	740	5555
448	3614	148	3	760	5555
449	3614	149	3	780	5555
450	3614	150	3	800	5555
451	3614	151	101	3	5555
452	3614	152	101	4	5555
453	3614	153	101	5	5555
454	3614	154	101	6	5555
455	3614	155	101	7	5555
456	3614	156	101	8	5555
457	3614	157	102	3	5555
458	3614	158	102	4	5555
459	3614	159	102	5	5555
460	3614	160	102	6	5555
461	3614	161	102	7	5555
462	3614	162	102	8	5555
463	3614	163	121	3	5555
464	3614	164	121	4	5555
465	3614	165	121	5	5555
466	3614	166	121	6	5555
467	3614	167	121	7	5555
468	3614	168	121	8	5555
469	3614	169	122	3	5555
470	3614	170	122	4	5555
471	3614	171	122	5	5555
472	3614	172	122	6	5555
473	3614	173	122	7	5555
474	3614	174	122	8	5555
475	3614	175	103	3	5555
476	3614	176	103	4	5555
477	3614	177	103	5	5555
478	3614	178	103	6	5555
479	3614	179	103	7	5555
480	3614	180	103	8	5555
;특급 홍안석					
481	3620	1	1	210	5556
482	3620	2	1	220	5556
483	3620	3	1	230	5556
484	3620	4	1	240	5556
485	3620	5	1	250	5556
486	3620	6	1	260	5556
487	3620	7	1	270	5556
488	3620	8	1	280	5556
489	3620	9	1	290	5556
490	3620	10	1	300	5556
491	3620	11	1	310	5556
492	3620	12	1	320	5556
493	3620	13	1	330	5556
494	3620	14	1	340	5556
495	3620	15	1	350	5556
496	3620	16	1	360	5556
497	3620	17	1	370	5556
498	3620	18	1	380	5556
499	3620	19	1	390	5556
500	3620	20	1	400	5556
501	3620	21	1	410	5556
502	3620	22	1	420	5556
503	3620	23	1	430	5556
504	3620	24	1	440	5556
505	3620	25	1	450	5556
506	3620	26	1	460	5556
507	3620	27	1	470	5556
508	3620	28	1	480	5556
509	3620	29	1	490	5556
510	3620	30	1	500	5556
511	3620	31	2	210	5556
512	3620	32	2	220	5556
513	3620	33	2	230	5556
514	3620	34	2	240	5556
515	3620	35	2	250	5556
516	3620	36	2	260	5556
517	3620	37	2	270	5556
518	3620	38	2	280	5556
519	3620	39	2	290	5556
520	3620	40	2	300	5556
521	3620	41	2	310	5556
522	3620	42	2	320	5556
523	3620	43	2	330	5556
524	3620	44	2	340	5556
525	3620	45	2	350	5556
526	3620	46	2	360	5556
527	3620	47	2	370	5556
528	3620	48	2	380	5556
529	3620	49	2	390	5556
530	3620	50	2	400	5556
531	3620	51	2	410	5556
532	3620	52	2	420	5556
533	3620	53	2	430	5556
534	3620	54	2	440	5556
535	3620	55	2	450	5556
536	3620	56	2	460	5556
537	3620	57	2	470	5556
538	3620	58	2	480	5556
539	3620	59	2	490	5556
540	3620	60	2	500	5556
541	3620	61	21	21000	5556
542	3620	62	21	22000	5556
543	3620	63	21	23000	5556
544	3620	64	21	24000	5556
545	3620	65	21	25000	5556
546	3620	66	21	26000	5556
547	3620	67	21	27000	5556
548	3620	68	21	28000	5556
549	3620	69	21	29000	5556
550	3620	70	21	30000	5556
551	3620	71	21	31000	5556
552	3620	72	21	32000	5556
553	3620	73	21	33000	5556
554	3620	74	21	34000	5556
555	3620	75	21	35000	5556
556	3620	76	21	36000	5556
557	3620	77	21	37000	5556
558	3620	78	21	38000	5556
559	3620	79	21	39000	5556
560	3620	80	21	40000	5556
561	3620	81	21	41000	5556
562	3620	82	21	42000	5556
563	3620	83	21	43000	5556
564	3620	84	21	44000	5556
565	3620	85	21	45000	5556
566	3620	86	21	46000	5556
567	3620	87	21	47000	5556
568	3620	88	21	48000	5556
569	3620	89	21	49000	5556
570	3620	90	21	50000	5556
571	3620	91	22	1050	5556
572	3620	92	22	1100	5556
573	3620	93	22	1150	5556
574	3620	94	22	1200	5556
575	3620	95	22	1250	5556
576	3620	96	22	1300	5556
577	3620	97	22	1350	5556
578	3620	98	22	1400	5556
579	3620	99	22	1450	5556
580	3620	100	22	1500	5556
581	3620	101	22	1550	5555
582	3620	102	22	1600	5555
583	3620	103	22	1650	5555
584	3620	104	22	1700	5555
585	3620	105	22	1750	5555
586	3620	106	22	1800	5555
587	3620	107	22	1850	5555
588	3620	108	22	1900	5555
589	3620	109	22	1950	5555
590	3620	110	22	2000	5555
591	3620	111	22	2050	5555
592	3620	112	22	2100	5555
593	3620	113	22	2150	5555
594	3620	114	22	2200	5555
595	3620	115	22	2250	5555
596	3620	116	22	2300	5555
597	3620	117	22	2350	5555
598	3620	118	22	2400	5555
599	3620	119	22	2450	5555
600	3620	120	22	2500	5555
601	3620	121	3	420	5555
602	3620	122	3	440	5555
603	3620	123	3	460	5555
604	3620	124	3	480	5555
605	3620	125	3	500	5555
606	3620	126	3	520	5555
607	3620	127	3	540	5555
608	3620	128	3	560	5555
609	3620	129	3	580	5555
610	3620	130	3	600	5555
611	3620	131	3	620	5555
612	3620	132	3	640	5555
613	3620	133	3	660	5555
614	3620	134	3	680	5555
615	3620	135	3	700	5555
616	3620	136	3	720	5555
617	3620	137	3	740	5555
618	3620	138	3	760	5555
619	3620	139	3	780	5555
620	3620	140	3	800	5555
621	3620	141	3	820	5555
622	3620	142	3	840	5555
623	3620	143	3	860	5555
624	3620	144	3	880	5555
625	3620	145	3	900	5555
626	3620	146	3	920	5555
627	3620	147	3	940	5555
628	3620	148	3	960	5555
629	3620	149	3	980	5555
630	3620	150	3	1000	5555
631	3620	151	101	5	5555
632	3620	152	101	6	5555
633	3620	153	101	7	5555
634	3620	154	101	8	5555
635	3620	155	101	9	5555
636	3620	156	101	10	5555
637	3620	157	102	5	5555
638	3620	158	102	6	5555
639	3620	159	102	7	5555
640	3620	160	102	8	5555
641	3620	161	102	9	5555
642	3620	162	102	10	5555
643	3620	163	121	5	5555
644	3620	164	121	6	5555
645	3620	165	121	7	5555
646	3620	166	121	8	5555
647	3620	167	121	9	5555
648	3620	168	121	10	5555
649	3620	169	122	5	5555
650	3620	170	122	6	5555
651	3620	171	122	7	5555
652	3620	172	122	8	5555
653	3620	173	122	9	5555
654	3620	174	122	10	5555
655	3620	175	103	5	5555
656	3620	176	103	6	5555
657	3620	177	103	7	5555
658	3620	178	103	8	5555
659	3620	179	103	9	5555
660	3620	180	103	10	5555
;3급 피독석					
661	3603	1	31	10	8548
662	3603	2	31	20	8547
663	3603	3	31	30	8547
664	3603	4	31	40	8547
665	3603	5	31	50	8547
666	3603	6	31	60	8547
667	3603	7	31	70	8547
668	3603	8	31	80	8547
669	3603	9	31	90	8547
670	3603	10	31	100	8547
671	3603	11	31	110	8547
672	3603	12	31	120	8547
673	3603	13	31	130	8547
674	3603	14	31	140	8547
675	3603	15	31	150	8547
676	3603	16	31	160	8547
677	3603	17	31	170	8547
678	3603	18	31	180	8547
679	3603	19	31	190	8547
680	3603	20	31	200	8547
681	3603	21	32	10	8547
682	3603	22	32	20	8547
683	3603	23	32	30	8547
684	3603	24	32	40	8547
685	3603	25	32	50	8547
686	3603	26	32	60	8547
687	3603	27	32	70	8547
688	3603	28	32	80	8547
689	3603	29	32	90	8547
690	3603	30	32	100	8547
691	3603	31	32	110	8547
692	3603	32	32	120	8547
693	3603	33	32	130	8547
694	3603	34	32	140	8547
695	3603	35	32	150	8547
696	3603	36	32	160	8547
697	3603	37	32	170	8547
698	3603	38	32	180	8547
699	3603	39	32	190	8547
700	3603	40	32	200	8547
701	3603	41	33	10	8547
702	3603	42	33	20	8547
703	3603	43	33	30	8547
704	3603	44	33	40	8547
705	3603	45	33	50	8547
706	3603	46	33	60	8547
707	3603	47	33	70	8547
708	3603	48	33	80	8547
709	3603	49	33	90	8547
710	3603	50	33	100	8547
711	3603	51	33	110	8547
712	3603	52	33	120	8547
713	3603	53	33	130	8547
714	3603	54	33	140	8547
715	3603	55	33	150	8547
716	3603	56	33	160	8547
717	3603	57	33	170	8547
718	3603	58	33	180	8547
719	3603	59	33	190	8547
720	3603	60	33	200	8547
721	3603	61	34	10	8547
722	3603	62	34	20	8547
723	3603	63	34	30	8547
724	3603	64	34	40	8547
725	3603	65	34	50	8547
726	3603	66	34	60	8547
727	3603	67	34	70	8547
728	3603	68	34	80	8547
729	3603	69	34	90	8547
730	3603	70	34	100	8547
731	3603	71	34	110	8547
732	3603	72	34	120	8547
733	3603	73	34	130	8547
734	3603	74	34	140	8547
735	3603	75	34	150	8547
736	3603	76	34	160	8547
737	3603	77	34	170	8547
738	3603	78	34	180	8547
739	3603	79	34	190	8547
740	3603	80	34	200	8547
741	3603	81	35	10	8547
742	3603	82	35	20	8547
743	3603	83	35	30	8547
744	3603	84	35	40	8547
745	3603	85	35	50	8547
746	3603	86	35	60	8547
747	3603	87	35	70	8547
748	3603	88	35	80	8547
749	3603	89	35	90	8547
750	3603	90	35	100	8547
751	3603	91	35	110	8547
752	3603	92	35	120	8547
753	3603	93	35	130	8547
754	3603	94	35	140	8547
755	3603	95	35	150	8547
756	3603	96	35	160	8547
757	3603	97	35	170	8547
758	3603	98	35	180	8547
759	3603	99	35	190	8547
760	3603	100	35	200	8547
761	3603	101	131	1	8547
762	3603	102	131	2	8547
763	3603	103	131	3	8547
764	3603	104	131	4	8547
765	3603	105	132	1	8547
766	3603	106	132	2	8547
767	3603	107	132	3	8547
768	3603	108	132	4	8547
769	3603	109	133	1	8547
770	3603	110	133	2	8547
771	3603	111	133	3	8547
772	3603	112	133	4	8547
773	3603	113	134	1	8547
774	3603	114	134	2	8547
775	3603	115	134	3	8547
776	3603	116	134	4	8547
777	3603	117	135	1	8547
;2급 피독석					
778	3609	1	31	10	5682
779	3609	2	31	20	5682
780	3609	3	31	30	5682
781	3609	4	31	40	5682
782	3609	5	31	50	5682
783	3609	6	31	60	5682
784	3609	7	31	70	5682
785	3609	8	31	80	5682
786	3609	9	31	90	5682
787	3609	10	31	100	5682
788	3609	11	31	110	5682
789	3609	12	31	120	5682
790	3609	13	31	130	5682
791	3609	14	31	140	5682
792	3609	15	31	150	5682
793	3609	16	31	160	5682
794	3609	17	31	170	5682
795	3609	18	31	180	5682
796	3609	19	31	190	5682
797	3609	20	31	200	5682
798	3609	21	31	210	5682
799	3609	22	31	220	5682
800	3609	23	31	230	5682
801	3609	24	31	240	5682
802	3609	25	31	250	5682
803	3609	26	31	260	5682
804	3609	27	31	270	5682
805	3609	28	31	280	5682
806	3609	29	31	290	5682
807	3609	30	31	300	5682
808	3609	31	32	10	5682
809	3609	32	32	20	5682
810	3609	33	32	30	5682
811	3609	34	32	40	5682
812	3609	35	32	50	5682
813	3609	36	32	60	5682
814	3609	37	32	70	5682
815	3609	38	32	80	5682
816	3609	39	32	90	5682
817	3609	40	32	100	5682
818	3609	41	32	110	5682
819	3609	42	32	120	5682
820	3609	43	32	130	5682
821	3609	44	32	140	5682
822	3609	45	32	150	5682
823	3609	46	32	160	5682
824	3609	47	32	170	5682
825	3609	48	32	180	5682
826	3609	49	32	190	5682
827	3609	50	32	200	5682
828	3609	51	32	210	5682
829	3609	52	32	220	5682
830	3609	53	32	230	5682
831	3609	54	32	240	5682
832	3609	55	32	250	5682
833	3609	56	32	260	5682
834	3609	57	32	270	5682
835	3609	58	32	280	5682
836	3609	59	32	290	5682
837	3609	60	32	300	5682
838	3609	61	33	10	5682
839	3609	62	33	20	5682
840	3609	63	33	30	5682
841	3609	64	33	40	5682
842	3609	65	33	50	5682
843	3609	66	33	60	5682
844	3609	67	33	70	5682
845	3609	68	33	80	5682
846	3609	69	33	90	5682
847	3609	70	33	100	5682
848	3609	71	33	110	5682
849	3609	72	33	120	5682
850	3609	73	33	130	5682
851	3609	74	33	140	5682
852	3609	75	33	150	5682
853	3609	76	33	160	5682
854	3609	77	33	170	5682
855	3609	78	33	180	5682
856	3609	79	33	190	5682
857	3609	80	33	200	5682
858	3609	81	33	210	5682
859	3609	82	33	220	5682
860	3609	83	33	230	5682
861	3609	84	33	240	5682
862	3609	85	33	250	5682
863	3609	86	33	260	5682
864	3609	87	33	270	5682
865	3609	88	33	280	5682
866	3609	89	33	290	5682
867	3609	90	33	300	5682
868	3609	91	34	10	5682
869	3609	92	34	20	5682
870	3609	93	34	30	5682
871	3609	94	34	40	5682
872	3609	95	34	50	5682
873	3609	96	34	60	5682
874	3609	97	34	70	5682
875	3609	98	34	80	5682
876	3609	99	34	90	5682
877	3609	100	34	100	5682
878	3609	101	34	110	5682
879	3609	102	34	120	5682
880	3609	103	34	130	5682
881	3609	104	34	140	5682
882	3609	105	34	150	5682
883	3609	106	34	160	5682
884	3609	107	34	170	5682
885	3609	108	34	180	5682
886	3609	109	34	190	5682
887	3609	110	34	200	5682
888	3609	111	34	210	5682
889	3609	112	34	220	5682
890	3609	113	34	230	5682
891	3609	114	34	240	5682
892	3609	115	34	250	5682
893	3609	116	34	260	5682
894	3609	117	34	270	5682
895	3609	118	34	280	5682
896	3609	119	34	290	5682
897	3609	120	34	300	5682
898	3609	121	35	10	5682
899	3609	122	35	20	5682
900	3609	123	35	30	5682
901	3609	124	35	40	5682
902	3609	125	35	50	5682
903	3609	126	35	60	5682
904	3609	127	35	70	5682
905	3609	128	35	80	5682
906	3609	129	35	90	5682
907	3609	130	35	100	5682
908	3609	131	35	110	5682
909	3609	132	35	120	5682
910	3609	133	35	130	5682
911	3609	134	35	140	5682
912	3609	135	35	150	5682
913	3609	136	35	160	5682
914	3609	137	35	170	5682
915	3609	138	35	180	5682
916	3609	139	35	190	5682
917	3609	140	35	200	5682
918	3609	141	35	210	5682
919	3609	142	35	220	5682
920	3609	143	35	230	5682
921	3609	144	35	240	5682
922	3609	145	35	250	5681
923	3609	146	35	260	5681
924	3609	147	35	270	5681
925	3609	148	35	280	5681
926	3609	149	35	290	5681
927	3609	150	35	300	5681
928	3609	151	131	1	5681
929	3609	152	131	2	5681
930	3609	153	131	3	5681
931	3609	154	131	4	5681
932	3609	155	131	5	5681
933	3609	156	131	6	5681
934	3609	157	132	1	5681
935	3609	158	132	2	5681
936	3609	159	132	3	5681
937	3609	160	132	4	5681
938	3609	161	132	5	5681
939	3609	162	132	6	5681
940	3609	163	133	1	5681
941	3609	164	133	2	5681
942	3609	165	133	3	5681
943	3609	166	133	4	5681
944	3609	167	133	5	5681
945	3609	168	133	6	5681
946	3609	169	134	1	5681
947	3609	170	134	2	5681
948	3609	171	134	3	5681
949	3609	172	134	4	5681
950	3609	173	134	5	5681
951	3609	174	134	6	5681
952	3609	175	135	1	5681
953	3609	176	135	2	5681
;1급 피독석					
954	3615	1	31	110	5650
955	3615	2	31	120	5650
956	3615	3	31	130	5650
957	3615	4	31	140	5650
958	3615	5	31	150	5650
959	3615	6	31	160	5650
960	3615	7	31	170	5650
961	3615	8	31	180	5650
962	3615	9	31	190	5650
963	3615	10	31	200	5650
964	3615	11	31	210	5650
965	3615	12	31	220	5650
966	3615	13	31	230	5650
967	3615	14	31	240	5650
968	3615	15	31	250	5650
969	3615	16	31	260	5650
970	3615	17	31	270	5650
971	3615	18	31	280	5650
972	3615	19	31	290	5650
973	3615	20	31	300	5650
974	3615	21	31	310	5650
975	3615	22	31	320	5650
976	3615	23	31	330	5650
977	3615	24	31	340	5650
978	3615	25	31	350	5650
979	3615	26	31	360	5650
980	3615	27	31	370	5650
981	3615	28	31	380	5650
982	3615	29	31	390	5650
983	3615	30	31	400	5650
984	3615	31	32	110	5650
985	3615	32	32	120	5650
986	3615	33	32	130	5650
987	3615	34	32	140	5650
988	3615	35	32	150	5650
989	3615	36	32	160	5650
990	3615	37	32	170	5650
991	3615	38	32	180	5650
992	3615	39	32	190	5650
993	3615	40	32	200	5650
994	3615	41	32	210	5650
995	3615	42	32	220	5650
996	3615	43	32	230	5650
997	3615	44	32	240	5650
998	3615	45	32	250	5650
999	3615	46	32	260	5650
1000	3615	47	32	270	5650
1001	3615	48	32	280	5650
1002	3615	49	32	290	5650
1003	3615	50	32	300	5650
1004	3615	51	32	310	5650
1005	3615	52	32	320	5650
1006	3615	53	32	330	5650
1007	3615	54	32	340	5650
1008	3615	55	32	350	5650
1009	3615	56	32	360	5650
1010	3615	57	32	370	5650
1011	3615	58	32	380	5650
1012	3615	59	32	390	5650
1013	3615	60	32	400	5650
1014	3615	61	33	110	5650
1015	3615	62	33	120	5650
1016	3615	63	33	130	5650
1017	3615	64	33	140	5650
1018	3615	65	33	150	5650
1019	3615	66	33	160	5650
1020	3615	67	33	170	5650
1021	3615	68	33	180	5650
1022	3615	69	33	190	5650
1023	3615	70	33	200	5650
1024	3615	71	33	210	5650
1025	3615	72	33	220	5650
1026	3615	73	33	230	5650
1027	3615	74	33	240	5650
1028	3615	75	33	250	5650
1029	3615	76	33	260	5650
1030	3615	77	33	270	5650
1031	3615	78	33	280	5650
1032	3615	79	33	290	5650
1033	3615	80	33	300	5650
1034	3615	81	33	310	5650
1035	3615	82	33	320	5650
1036	3615	83	33	330	5650
1037	3615	84	33	340	5650
1038	3615	85	33	350	5650
1039	3615	86	33	360	5650
1040	3615	87	33	370	5650
1041	3615	88	33	380	5650
1042	3615	89	33	390	5650
1043	3615	90	33	400	5650
1044	3615	91	34	110	5650
1045	3615	92	34	120	5650
1046	3615	93	34	130	5650
1047	3615	94	34	140	5650
1048	3615	95	34	150	5650
1049	3615	96	34	160	5650
1050	3615	97	34	170	5650
1051	3615	98	34	180	5650
1052	3615	99	34	190	5650
1053	3615	100	34	200	5650
1054	3615	101	34	210	5650
1055	3615	102	34	220	5650
1056	3615	103	34	230	5650
1057	3615	104	34	240	5650
1058	3615	105	34	250	5650
1059	3615	106	34	260	5650
1060	3615	107	34	270	5650
1061	3615	108	34	280	5650
1062	3615	109	34	290	5650
1063	3615	110	34	300	5650
1064	3615	111	34	310	5650
1065	3615	112	34	320	5650
1066	3615	113	34	330	5650
1067	3615	114	34	340	5650
1068	3615	115	34	350	5650
1069	3615	116	34	360	5650
1070	3615	117	34	370	5650
1071	3615	118	34	380	5650
1072	3615	119	34	390	5650
1073	3615	120	34	400	5650
1074	3615	121	35	110	5650
1075	3615	122	35	120	5650
1076	3615	123	35	130	5650
1077	3615	124	35	140	5650
1078	3615	125	35	150	5650
1079	3615	126	35	160	5650
1080	3615	127	35	170	5650
1081	3615	128	35	180	5649
1082	3615	129	35	190	5649
1083	3615	130	35	200	5649
1084	3615	131	35	210	5649
1085	3615	132	35	220	5649
1086	3615	133	35	230	5649
1087	3615	134	35	240	5649
1088	3615	135	35	250	5649
1089	3615	136	35	260	5649
1090	3615	137	35	270	5649
1091	3615	138	35	280	5649
1092	3615	139	35	290	5649
1093	3615	140	35	300	5649
1094	3615	141	35	310	5649
1095	3615	142	35	320	5649
1096	3615	143	35	330	5649
1097	3615	144	35	340	5649
1098	3615	145	35	350	5649
1099	3615	146	35	360	5649
1100	3615	147	35	370	5649
1101	3615	148	35	380	5649
1102	3615	149	35	390	5649
1103	3615	150	35	400	5649
1104	3615	151	131	3	5649
1105	3615	152	131	4	5649
1106	3615	153	131	5	5649
1107	3615	154	131	6	5649
1108	3615	155	131	7	5649
1109	3615	156	131	8	5649
1110	3615	157	132	3	5649
1111	3615	158	132	4	5649
1112	3615	159	132	5	5649
1113	3615	160	132	6	5649
1114	3615	161	132	7	5649
1115	3615	162	132	8	5649
1116	3615	163	133	3	5649
1117	3615	164	133	4	5649
1118	3615	165	133	5	5649
1119	3615	166	133	6	5649
1120	3615	167	133	7	5649
1121	3615	168	133	8	5649
1122	3615	169	134	3	5649
1123	3615	170	134	4	5649
1124	3615	171	134	5	5649
1125	3615	172	134	6	5649
1126	3615	173	134	7	5649
1127	3615	174	134	8	5649
1128	3615	175	135	1	5649
1129	3615	176	135	2	5649
1130	3615	177	135	3	5649
;특급 피독석					
1131	3621	1	31	210	5618
1132	3621	2	31	220	5618
1133	3621	3	31	230	5618
1134	3621	4	31	240	5618
1135	3621	5	31	250	5618
1136	3621	6	31	260	5618
1137	3621	7	31	270	5618
1138	3621	8	31	280	5618
1139	3621	9	31	290	5618
1140	3621	10	31	300	5618
1141	3621	11	31	310	5618
1142	3621	12	31	320	5618
1143	3621	13	31	330	5618
1144	3621	14	31	340	5618
1145	3621	15	31	350	5618
1146	3621	16	31	360	5618
1147	3621	17	31	370	5618
1148	3621	18	31	380	5618
1149	3621	19	31	390	5618
1150	3621	20	31	400	5618
1151	3621	21	31	410	5618
1152	3621	22	31	420	5618
1153	3621	23	31	430	5618
1154	3621	24	31	440	5618
1155	3621	25	31	450	5618
1156	3621	26	31	460	5618
1157	3621	27	31	470	5618
1158	3621	28	31	480	5618
1159	3621	29	31	490	5618
1160	3621	30	31	500	5618
1161	3621	31	32	210	5618
1162	3621	32	32	220	5618
1163	3621	33	32	230	5618
1164	3621	34	32	240	5618
1165	3621	35	32	250	5618
1166	3621	36	32	260	5618
1167	3621	37	32	270	5618
1168	3621	38	32	280	5618
1169	3621	39	32	290	5618
1170	3621	40	32	300	5618
1171	3621	41	32	310	5618
1172	3621	42	32	320	5618
1173	3621	43	32	330	5618
1174	3621	44	32	340	5618
1175	3621	45	32	350	5618
1176	3621	46	32	360	5618
1177	3621	47	32	370	5618
1178	3621	48	32	380	5618
1179	3621	49	32	390	5618
1180	3621	50	32	400	5618
1181	3621	51	32	410	5618
1182	3621	52	32	420	5618
1183	3621	53	32	430	5618
1184	3621	54	32	440	5618
1185	3621	55	32	450	5618
1186	3621	56	32	460	5618
1187	3621	57	32	470	5618
1188	3621	58	32	480	5618
1189	3621	59	32	490	5618
1190	3621	60	32	500	5618
1191	3621	61	33	210	5618
1192	3621	62	33	220	5618
1193	3621	63	33	230	5618
1194	3621	64	33	240	5618
1195	3621	65	33	250	5618
1196	3621	66	33	260	5618
1197	3621	67	33	270	5618
1198	3621	68	33	280	5618
1199	3621	69	33	290	5618
1200	3621	70	33	300	5618
1201	3621	71	33	310	5618
1202	3621	72	33	320	5618
1203	3621	73	33	330	5618
1204	3621	74	33	340	5618
1205	3621	75	33	350	5618
1206	3621	76	33	360	5618
1207	3621	77	33	370	5618
1208	3621	78	33	380	5618
1209	3621	79	33	390	5618
1210	3621	80	33	400	5618
1211	3621	81	33	410	5618
1212	3621	82	33	420	5618
1213	3621	83	33	430	5618
1214	3621	84	33	440	5618
1215	3621	85	33	450	5618
1216	3621	86	33	460	5618
1217	3621	87	33	470	5618
1218	3621	88	33	480	5618
1219	3621	89	33	490	5618
1220	3621	90	33	500	5618
1221	3621	91	34	210	5618
1222	3621	92	34	220	5618
1223	3621	93	34	230	5618
1224	3621	94	34	240	5618
1225	3621	95	34	250	5618
1226	3621	96	34	260	5618
1227	3621	97	34	270	5618
1228	3621	98	34	280	5618
1229	3621	99	34	290	5618
1230	3621	100	34	300	5618
1231	3621	101	34	310	5618
1232	3621	102	34	320	5618
1233	3621	103	34	330	5618
1234	3621	104	34	340	5618
1235	3621	105	34	350	5618
1236	3621	106	34	360	5618
1237	3621	107	34	370	5618
1238	3621	108	34	380	5618
1239	3621	109	34	390	5618
1240	3621	110	34	400	5618
1241	3621	111	34	410	5618
1242	3621	112	34	420	5618
1243	3621	113	34	430	5618
1244	3621	114	34	440	5618
1245	3621	115	34	450	5618
1246	3621	116	34	460	5618
1247	3621	117	34	470	5618
1248	3621	118	34	480	5618
1249	3621	119	34	490	5618
1250	3621	120	34	500	5618
1251	3621	121	35	210	5618
1252	3621	122	35	220	5618
1253	3621	123	35	230	5618
1254	3621	124	35	240	5618
1255	3621	125	35	250	5618
1256	3621	126	35	260	5618
1257	3621	127	35	270	5618
1258	3621	128	35	280	5618
1259	3621	129	35	290	5618
1260	3621	130	35	300	5618
1261	3621	131	35	310	5618
1262	3621	132	35	320	5618
1263	3621	133	35	330	5618
1264	3621	134	35	340	5618
1265	3621	135	35	350	5618
1266	3621	136	35	360	5618
1267	3621	137	35	370	5618
1268	3621	138	35	380	5618
1269	3621	139	35	390	5618
1270	3621	140	35	400	5618
1271	3621	141	35	410	5618
1272	3621	142	35	420	5618
1273	3621	143	35	430	5618
1274	3621	144	35	440	5618
1275	3621	145	35	450	5618
1276	3621	146	35	460	5618
1277	3621	147	35	470	5618
1278	3621	148	35	480	5618
1279	3621	149	35	490	5618
1280	3621	150	35	500	5618
1281	3621	151	131	5	5618
1282	3621	152	131	6	5618
1283	3621	153	131	7	5618
1284	3621	154	131	8	5618
1285	3621	155	131	9	5618
1286	3621	156	131	10	5618
1287	3621	157	132	5	5618
1288	3621	158	132	6	5618
1289	3621	159	132	7	5618
1290	3621	160	132	8	5618
1291	3621	161	132	9	5618
1292	3621	162	132	10	5618
1293	3621	163	133	5	5618
1294	3621	164	133	6	5618
1295	3621	165	133	7	5618
1296	3621	166	133	8	5618
1297	3621	167	133	9	5618
1298	3621	168	133	10	5618
1299	3621	169	134	5	5618
1300	3621	170	134	6	5618
1301	3621	171	134	7	5618
1302	3621	172	134	8	5618
1303	3621	173	134	9	5618
1304	3621	174	134	10	5618
1305	3621	175	135	1	5617
1306	3621	176	135	2	5617
1307	3621	177	135	3	5617
1308	3621	178	135	4	5617
;3급 금호석					
1309	3604	1	44	100	16667
1310	3604	2	44	200	16667
1311	3604	3	44	300	16667
1312	3604	4	44	400	16667
1313	3604	5	44	500	16667
1314	3604	6	44	600	16667
1315	3604	7	44	700	16667
1316	3604	8	44	800	16667
1317	3604	9	44	900	16667
1318	3604	10	44	1000	16667
1319	3604	11	44	1100	16667
1320	3604	12	44	1200	16667
1321	3604	13	44	1300	16667
1322	3604	14	44	1400	16667
1323	3604	15	44	1500	16667
1324	3604	16	44	1600	16667
1325	3604	17	44	1700	16667
1326	3604	18	44	1800	16667
1327	3604	19	44	1900	16667
1328	3604	20	44	2000	16667
1329	3604	21	144	1	16667
1330	3604	22	144	2	16667
1331	3604	23	144	3	16667
1332	3604	24	144	4	16667
1333	3604	25	144	5	16667
1334	3604	26	144	6	16667
1335	3604	27	144	7	16667
1336	3604	28	144	8	16667
1337	3604	29	144	9	16667
1338	3604	30	144	10	16667
1339	3604	31	152	1	16667
1340	3604	32	152	2	16667
1341	3604	33	152	3	16667
1342	3604	34	152	4	16667
1343	3604	35	152	5	16667
1344	3604	36	152	6	16667
1345	3604	37	152	7	16667
1346	3604	38	152	8	16667
1347	3604	39	152	9	16667
1348	3604	40	152	10	16667
1349	3604	41	151	1	16666
1350	3604	42	151	2	16666
1351	3604	43	151	3	16666
1352	3604	44	151	4	16666
1353	3604	45	151	5	16666
1354	3604	46	151	6	16666
1355	3604	47	151	7	16666
1356	3604	48	151	8	16666
1357	3604	49	151	9	16666
1358	3604	50	151	10	16666
1359	3604	51	150	1	16666
1360	3604	52	150	2	16666
1361	3604	53	150	3	16666
1362	3604	54	150	4	16666
1363	3604	55	150	5	16666
1364	3604	56	150	6	16666
1365	3604	57	150	7	16666
1366	3604	58	150	8	16666
1367	3604	59	150	9	16666
1368	3604	60	150	10	16666
;2급 금호석					
1369	3610	1	44	100	11112
1370	3610	2	44	200	11112
1371	3610	3	44	300	11112
1372	3610	4	44	400	11112
1373	3610	5	44	500	11112
1374	3610	6	44	600	11112
1375	3610	7	44	700	11112
1376	3610	8	44	800	11112
1377	3610	9	44	900	11112
1378	3610	10	44	1000	11112
1379	3610	11	44	1100	11111
1380	3610	12	44	1200	11111
1381	3610	13	44	1300	11111
1382	3610	14	44	1400	11111
1383	3610	15	44	1500	11111
1384	3610	16	44	1600	11111
1385	3610	17	44	1700	11111
1386	3610	18	44	1800	11111
1387	3610	19	44	1900	11111
1388	3610	20	44	2000	11111
1389	3610	21	44	2100	11111
1390	3610	22	44	2200	11111
1391	3610	23	44	2300	11111
1392	3610	24	44	2400	11111
1393	3610	25	44	2500	11111
1394	3610	26	44	2600	11111
1395	3610	27	44	2700	11111
1396	3610	28	44	2800	11111
1397	3610	29	44	2900	11111
1398	3610	30	44	3000	11111
1399	3610	31	144	1	11111
1400	3610	32	144	2	11111
1401	3610	33	144	3	11111
1402	3610	34	144	4	11111
1403	3610	35	144	5	11111
1404	3610	36	144	6	11111
1405	3610	37	144	7	11111
1406	3610	38	144	8	11111
1407	3610	39	144	9	11111
1408	3610	40	144	10	11111
1409	3610	41	144	11	11111
1410	3610	42	144	12	11111
1411	3610	43	144	13	11111
1412	3610	44	144	14	11111
1413	3610	45	144	15	11111
1414	3610	46	152	1	11111
1415	3610	47	152	2	11111
1416	3610	48	152	3	11111
1417	3610	49	152	4	11111
1418	3610	50	152	5	11111
1419	3610	51	152	6	11111
1420	3610	52	152	7	11111
1421	3610	53	152	8	11111
1422	3610	54	152	9	11111
1423	3610	55	152	10	11111
1424	3610	56	152	11	11111
1425	3610	57	152	12	11111
1426	3610	58	152	13	11111
1427	3610	59	152	14	11111
1428	3610	60	152	15	11111
1429	3610	61	151	1	11111
1430	3610	62	151	2	11111
1431	3610	63	151	3	11111
1432	3610	64	151	4	11111
1433	3610	65	151	5	11111
1434	3610	66	151	6	11111
1435	3610	67	151	7	11111
1436	3610	68	151	8	11111
1437	3610	69	151	9	11111
1438	3610	70	151	10	11111
1439	3610	71	151	11	11111
1440	3610	72	151	12	11111
1441	3610	73	151	13	11111
1442	3610	74	151	14	11111
1443	3610	75	151	15	11111
1444	3610	76	150	1	11111
1445	3610	77	150	2	11111
1446	3610	78	150	3	11111
1447	3610	79	150	4	11111
1448	3610	80	150	5	11111
1449	3610	81	150	6	11111
1450	3610	82	150	7	11111
1451	3610	83	150	8	11111
1452	3610	84	150	9	11111
1453	3610	85	150	10	11111
1454	3610	86	150	11	11111
1455	3610	87	150	12	11111
1456	3610	88	150	13	11111
1457	3610	89	150	14	11111
1458	3610	90	150	15	11111
;1급 금호석					
1459	3616	1	44	1100	11112
1460	3616	2	44	1200	11112
1461	3616	3	44	1300	11112
1462	3616	4	44	1400	11112
1463	3616	5	44	1500	11112
1464	3616	6	44	1600	11112
1465	3616	7	44	1700	11112
1466	3616	8	44	1800	11112
1467	3616	9	44	1900	11112
1468	3616	10	44	2000	11112
1469	3616	11	44	2100	11111
1470	3616	12	44	2200	11111
1471	3616	13	44	2300	11111
1472	3616	14	44	2400	11111
1473	3616	15	44	2500	11111
1474	3616	16	44	2600	11111
1475	3616	17	44	2700	11111
1476	3616	18	44	2800	11111
1477	3616	19	44	2900	11111
1478	3616	20	44	3000	11111
1479	3616	21	44	3100	11111
1480	3616	22	44	3200	11111
1481	3616	23	44	3300	11111
1482	3616	24	44	3400	11111
1483	3616	25	44	3500	11111
1484	3616	26	44	3600	11111
1485	3616	27	44	3700	11111
1486	3616	28	44	3800	11111
1487	3616	29	44	3900	11111
1488	3616	30	44	4000	11111
1489	3616	31	144	6	11111
1490	3616	32	144	7	11111
1491	3616	33	144	8	11111
1492	3616	34	144	9	11111
1493	3616	35	144	10	11111
1494	3616	36	144	11	11111
1495	3616	37	144	12	11111
1496	3616	38	144	13	11111
1497	3616	39	144	14	11111
1498	3616	40	144	15	11111
1499	3616	41	144	16	11111
1500	3616	42	144	17	11111
1501	3616	43	144	18	11111
1502	3616	44	144	19	11111
1503	3616	45	144	20	11111
1504	3616	46	152	6	11111
1505	3616	47	152	7	11111
1506	3616	48	152	8	11111
1507	3616	49	152	9	11111
1508	3616	50	152	10	11111
1509	3616	51	152	11	11111
1510	3616	52	152	12	11111
1511	3616	53	152	13	11111
1512	3616	54	152	14	11111
1513	3616	55	152	15	11111
1514	3616	56	152	16	11111
1515	3616	57	152	17	11111
1516	3616	58	152	18	11111
1517	3616	59	152	19	11111
1518	3616	60	152	20	11111
1519	3616	61	151	6	11111
1520	3616	62	151	7	11111
1521	3616	63	151	8	11111
1522	3616	64	151	9	11111
1523	3616	65	151	10	11111
1524	3616	66	151	11	11111
1525	3616	67	151	12	11111
1526	3616	68	151	13	11111
1527	3616	69	151	14	11111
1528	3616	70	151	15	11111
1529	3616	71	151	16	11111
1530	3616	72	151	17	11111
1531	3616	73	151	18	11111
1532	3616	74	151	19	11111
1533	3616	75	151	20	11111
1534	3616	76	150	6	11111
1535	3616	77	150	7	11111
1536	3616	78	150	8	11111
1537	3616	79	150	9	11111
1538	3616	80	150	10	11111
1539	3616	81	150	11	11111
1540	3616	82	150	12	11111
1541	3616	83	150	13	11111
1542	3616	84	150	14	11111
1543	3616	85	150	15	11111
1544	3616	86	150	16	11111
1545	3616	87	150	17	11111
1546	3616	88	150	18	11111
1547	3616	89	150	19	11111
1548	3616	90	150	20	11111
;특급 금호석					
1549	3622	1	44	2100	11112
1550	3622	2	44	2200	11112
1551	3622	3	44	2300	11112
1552	3622	4	44	2400	11112
1553	3622	5	44	2500	11112
1554	3622	6	44	2600	11112
1555	3622	7	44	2700	11112
1556	3622	8	44	2800	11112
1557	3622	9	44	2900	11112
1558	3622	10	44	3000	11112
1559	3622	11	44	3100	11111
1560	3622	12	44	3200	11111
1561	3622	13	44	3300	11111
1562	3622	14	44	3400	11111
1563	3622	15	44	3500	11111
1564	3622	16	44	3600	11111
1565	3622	17	44	3700	11111
1566	3622	18	44	3800	11111
1567	3622	19	44	3900	11111
1568	3622	20	44	4000	11111
1569	3622	21	44	4100	11111
1570	3622	22	44	4200	11111
1571	3622	23	44	4300	11111
1572	3622	24	44	4400	11111
1573	3622	25	44	4500	11111
1574	3622	26	44	4600	11111
1575	3622	27	44	4700	11111
1576	3622	28	44	4800	11111
1577	3622	29	44	4900	11111
1578	3622	30	44	5000	11111
1579	3622	31	144	11	11111
1580	3622	32	144	12	11111
1581	3622	33	144	13	11111
1582	3622	34	144	14	11111
1583	3622	35	144	15	11111
1584	3622	36	144	16	11111
1585	3622	37	144	17	11111
1586	3622	38	144	18	11111
1587	3622	39	144	19	11111
1588	3622	40	144	20	11111
1589	3622	41	144	21	11111
1590	3622	42	144	22	11111
1591	3622	43	144	23	11111
1592	3622	44	144	24	11111
1593	3622	45	144	25	11111
1594	3622	46	152	11	11111
1595	3622	47	152	12	11111
1596	3622	48	152	13	11111
1597	3622	49	152	14	11111
1598	3622	50	152	15	11111
1599	3622	51	152	16	11111
1600	3622	52	152	17	11111
1601	3622	53	152	18	11111
1602	3622	54	152	19	11111
1603	3622	55	152	20	11111
1604	3622	56	152	21	11111
1605	3622	57	152	22	11111
1606	3622	58	152	23	11111
1607	3622	59	152	24	11111
1608	3622	60	152	25	11111
1609	3622	61	151	11	11111
1610	3622	62	151	12	11111
1611	3622	63	151	13	11111
1612	3622	64	151	14	11111
1613	3622	65	151	15	11111
1614	3622	66	151	16	11111
1615	3622	67	151	17	11111
1616	3622	68	151	18	11111
1617	3622	69	151	19	11111
1618	3622	70	151	20	11111
1619	3622	71	151	21	11111
1620	3622	72	151	22	11111
1621	3622	73	151	23	11111
1622	3622	74	151	24	11111
1623	3622	75	151	25	11111
1624	3622	76	150	11	11111
1625	3622	77	150	12	11111
1626	3622	78	150	13	11111
1627	3622	79	150	14	11111
1628	3622	80	150	15	11111
1629	3622	81	150	16	11111
1630	3622	82	150	17	11111
1631	3622	83	150	18	11111
1632	3622	84	150	19	11111
1633	3622	85	150	20	11111
1634	3622	86	150	21	11111
1635	3622	87	150	22	11111
1636	3622	88	150	23	11111
1637	3622	89	150	24	11111
1638	3622	90	150	25	11111
;3급 용루석					
1639	3605	1	5	25	8334
1640	3605	2	5	50	8334
1641	3605	3	5	75	8334
1642	3605	4	5	100	8334
1643	3605	5	5	125	8334
1644	3605	6	5	150	8334
1645	3605	7	5	175	8334
1646	3605	8	5	200	8334
1647	3605	9	5	225	8334
1648	3605	10	5	250	8334
1649	3605	11	5	275	8334
1650	3605	12	5	300	8334
1651	3605	13	5	325	8334
1652	3605	14	5	350	8334
1653	3605	15	5	375	8334
1654	3605	16	5	400	8334
1655	3605	17	5	425	8334
1656	3605	18	5	450	8334
1657	3605	19	5	475	8334
1658	3605	20	5	500	8334
1659	3605	21	7	25	8334
1660	3605	22	7	50	8334
1661	3605	23	7	75	8334
1662	3605	24	7	100	8334
1663	3605	25	7	125	8334
1664	3605	26	7	150	8334
1665	3605	27	7	175	8334
1666	3605	28	7	200	8334
1667	3605	29	7	225	8334
1668	3605	30	7	250	8334
1669	3605	31	7	275	8334
1670	3605	32	7	300	8334
1671	3605	33	7	325	8334
1672	3605	34	7	350	8334
1673	3605	35	7	375	8334
1674	3605	36	7	400	8334
1675	3605	37	7	425	8334
1676	3605	38	7	450	8334
1677	3605	39	7	475	8334
1678	3605	40	7	500	8334
1679	3605	41	9	25	8333
1680	3605	42	9	50	8333
1681	3605	43	9	75	8333
1682	3605	44	9	100	8333
1683	3605	45	9	125	8333
1684	3605	46	9	150	8333
1685	3605	47	9	175	8333
1686	3605	48	9	200	8333
1687	3605	49	9	225	8333
1688	3605	50	9	250	8333
1689	3605	51	9	275	8333
1690	3605	52	9	300	8333
1691	3605	53	9	325	8333
1692	3605	54	9	350	8333
1693	3605	55	9	375	8333
1694	3605	56	9	400	8333
1695	3605	57	9	425	8333
1696	3605	58	9	450	8333
1697	3605	59	9	475	8333
1698	3605	60	9	500	8333
1699	3605	61	15	25	8333
1700	3605	62	15	50	8333
1701	3605	63	15	75	8333
1702	3605	64	15	100	8333
1703	3605	65	15	125	8333
1704	3605	66	15	150	8333
1705	3605	67	15	175	8333
1706	3605	68	15	200	8333
1707	3605	69	15	225	8333
1708	3605	70	15	250	8333
1709	3605	71	15	275	8333
1710	3605	72	15	300	8333
1711	3605	73	15	325	8333
1712	3605	74	15	350	8333
1713	3605	75	15	375	8333
1714	3605	76	15	400	8333
1715	3605	77	15	425	8333
1716	3605	78	15	450	8333
1717	3605	79	15	475	8333
1718	3605	80	15	500	8333
1719	3605	81	17	25	8333
1720	3605	82	17	50	8333
1721	3605	83	17	75	8333
1722	3605	84	17	100	8333
1723	3605	85	17	125	8333
1724	3605	86	17	150	8333
1725	3605	87	17	175	8333
1726	3605	88	17	200	8333
1727	3605	89	17	225	8333
1728	3605	90	17	250	8333
1729	3605	91	17	275	8333
1730	3605	92	17	300	8333
1731	3605	93	17	325	8333
1732	3605	94	17	350	8333
1733	3605	95	17	375	8333
1734	3605	96	17	400	8333
1735	3605	97	17	425	8333
1736	3605	98	17	450	8333
1737	3605	99	17	475	8333
1738	3605	100	17	500	8333
1739	3605	101	105	1	8333
1740	3605	102	105	2	8333
1741	3605	103	105	3	8333
1742	3605	104	105	4	8333
1743	3605	105	107	1	8333
1744	3605	106	107	2	8333
1745	3605	107	107	3	8333
1746	3605	108	107	4	8333
1747	3605	109	109	1	8333
1748	3605	110	109	2	8333
1749	3605	111	109	3	8333
1750	3605	112	109	4	8333
1751	3605	113	115	1	8333
1752	3605	114	115	2	8333
1753	3605	115	115	3	8333
1754	3605	116	115	4	8333
1755	3605	117	117	1	8333
1756	3605	118	117	2	8333
1757	3605	119	117	3	8333
1758	3605	120	117	4	8333
;2급 용루석					
1759	3611	1	5	25	5556
1760	3611	2	5	50	5556
1761	3611	3	5	75	5556
1762	3611	4	5	100	5556
1763	3611	5	5	125	5556
1764	3611	6	5	150	5556
1765	3611	7	5	175	5556
1766	3611	8	5	200	5556
1767	3611	9	5	225	5556
1768	3611	10	5	250	5556
1769	3611	11	5	275	5556
1770	3611	12	5	300	5556
1771	3611	13	5	325	5556
1772	3611	14	5	350	5556
1773	3611	15	5	375	5556
1774	3611	16	5	400	5556
1775	3611	17	5	425	5556
1776	3611	18	5	450	5556
1777	3611	19	5	475	5556
1778	3611	20	5	500	5556
1779	3611	21	5	525	5556
1780	3611	22	5	550	5556
1781	3611	23	5	575	5556
1782	3611	24	5	600	5556
1783	3611	25	5	625	5556
1784	3611	26	5	650	5556
1785	3611	27	5	675	5556
1786	3611	28	5	700	5556
1787	3611	29	5	725	5556
1788	3611	30	5	750	5556
1789	3611	31	7	25	5556
1790	3611	32	7	50	5556
1791	3611	33	7	75	5556
1792	3611	34	7	100	5556
1793	3611	35	7	125	5556
1794	3611	36	7	150	5556
1795	3611	37	7	175	5556
1796	3611	38	7	200	5556
1797	3611	39	7	225	5556
1798	3611	40	7	250	5556
1799	3611	41	7	275	5556
1800	3611	42	7	300	5556
1801	3611	43	7	325	5556
1802	3611	44	7	350	5556
1803	3611	45	7	375	5556
1804	3611	46	7	400	5556
1805	3611	47	7	425	5556
1806	3611	48	7	450	5556
1807	3611	49	7	475	5556
1808	3611	50	7	500	5556
1809	3611	51	7	525	5556
1810	3611	52	7	550	5556
1811	3611	53	7	575	5556
1812	3611	54	7	600	5556
1813	3611	55	7	625	5556
1814	3611	56	7	650	5556
1815	3611	57	7	675	5556
1816	3611	58	7	700	5556
1817	3611	59	7	725	5556
1818	3611	60	7	750	5556
1819	3611	61	9	25	5556
1820	3611	62	9	50	5556
1821	3611	63	9	75	5556
1822	3611	64	9	100	5556
1823	3611	65	9	125	5556
1824	3611	66	9	150	5556
1825	3611	67	9	175	5556
1826	3611	68	9	200	5556
1827	3611	69	9	225	5556
1828	3611	70	9	250	5556
1829	3611	71	9	275	5556
1830	3611	72	9	300	5556
1831	3611	73	9	325	5556
1832	3611	74	9	350	5556
1833	3611	75	9	375	5556
1834	3611	76	9	400	5556
1835	3611	77	9	425	5556
1836	3611	78	9	450	5556
1837	3611	79	9	475	5556
1838	3611	80	9	500	5556
1839	3611	81	9	525	5556
1840	3611	82	9	550	5556
1841	3611	83	9	575	5556
1842	3611	84	9	600	5556
1843	3611	85	9	625	5556
1844	3611	86	9	650	5556
1845	3611	87	9	675	5556
1846	3611	88	9	700	5556
1847	3611	89	9	725	5556
1848	3611	90	9	750	5556
1849	3611	91	15	25	5556
1850	3611	92	15	50	5556
1851	3611	93	15	75	5556
1852	3611	94	15	100	5556
1853	3611	95	15	125	5556
1854	3611	96	15	150	5556
1855	3611	97	15	175	5556
1856	3611	98	15	200	5556
1857	3611	99	15	225	5556
1858	3611	100	15	250	5556
1859	3611	101	15	275	5555
1860	3611	102	15	300	5555
1861	3611	103	15	325	5555
1862	3611	104	15	350	5555
1863	3611	105	15	375	5555
1864	3611	106	15	400	5555
1865	3611	107	15	425	5555
1866	3611	108	15	450	5555
1867	3611	109	15	475	5555
1868	3611	110	15	500	5555
1869	3611	111	15	525	5555
1870	3611	112	15	550	5555
1871	3611	113	15	575	5555
1872	3611	114	15	600	5555
1873	3611	115	15	625	5555
1874	3611	116	15	650	5555
1875	3611	117	15	675	5555
1876	3611	118	15	700	5555
1877	3611	119	15	725	5555
1878	3611	120	15	750	5555
1879	3611	121	17	25	5555
1880	3611	122	17	50	5555
1881	3611	123	17	75	5555
1882	3611	124	17	100	5555
1883	3611	125	17	125	5555
1884	3611	126	17	150	5555
1885	3611	127	17	175	5555
1886	3611	128	17	200	5555
1887	3611	129	17	225	5555
1888	3611	130	17	250	5555
1889	3611	131	17	275	5555
1890	3611	132	17	300	5555
1891	3611	133	17	325	5555
1892	3611	134	17	350	5555
1893	3611	135	17	375	5555
1894	3611	136	17	400	5555
1895	3611	137	17	425	5555
1896	3611	138	17	450	5555
1897	3611	139	17	475	5555
1898	3611	140	17	500	5555
1899	3611	141	17	525	5555
1900	3611	142	17	550	5555
1901	3611	143	17	575	5555
1902	3611	144	17	600	5555
1903	3611	145	17	625	5555
1904	3611	146	17	650	5555
1905	3611	147	17	675	5555
1906	3611	148	17	700	5555
1907	3611	149	17	725	5555
1908	3611	150	17	750	5555
1909	3611	151	105	1	5555
1910	3611	152	105	2	5555
1911	3611	153	105	3	5555
1912	3611	154	105	4	5555
1913	3611	155	105	5	5555
1914	3611	156	105	6	5555
1915	3611	157	107	1	5555
1916	3611	158	107	2	5555
1917	3611	159	107	3	5555
1918	3611	160	107	4	5555
1919	3611	161	107	5	5555
1920	3611	162	107	6	5555
1921	3611	163	109	1	5555
1922	3611	164	109	2	5555
1923	3611	165	109	3	5555
1924	3611	166	109	4	5555
1925	3611	167	109	5	5555
1926	3611	168	109	6	5555
1927	3611	169	115	1	5555
1928	3611	170	115	2	5555
1929	3611	171	115	3	5555
1930	3611	172	115	4	5555
1931	3611	173	115	5	5555
1932	3611	174	115	6	5555
1933	3611	175	117	1	5555
1934	3611	176	117	2	5555
1935	3611	177	117	3	5555
1936	3611	178	117	4	5555
1937	3611	179	117	5	5555
1938	3611	180	117	6	5555
;1급 용루석					
1939	3617	1	5	275	5556
1940	3617	2	5	300	5556
1941	3617	3	5	325	5556
1942	3617	4	5	350	5556
1943	3617	5	5	375	5556
1944	3617	6	5	400	5556
1945	3617	7	5	425	5556
1946	3617	8	5	450	5556
1947	3617	9	5	475	5556
1948	3617	10	5	500	5556
1949	3617	11	5	525	5556
1950	3617	12	5	550	5556
1951	3617	13	5	575	5556
1952	3617	14	5	600	5556
1953	3617	15	5	625	5556
1954	3617	16	5	650	5556
1955	3617	17	5	675	5556
1956	3617	18	5	700	5556
1957	3617	19	5	725	5556
1958	3617	20	5	750	5556
1959	3617	21	5	775	5556
1960	3617	22	5	800	5556
1961	3617	23	5	825	5556
1962	3617	24	5	850	5556
1963	3617	25	5	875	5556
1964	3617	26	5	900	5556
1965	3617	27	5	925	5556
1966	3617	28	5	950	5556
1967	3617	29	5	975	5556
1968	3617	30	5	1000	5556
1969	3617	31	7	275	5556
1970	3617	32	7	300	5556
1971	3617	33	7	325	5556
1972	3617	34	7	350	5556
1973	3617	35	7	375	5556
1974	3617	36	7	400	5556
1975	3617	37	7	425	5556
1976	3617	38	7	450	5556
1977	3617	39	7	475	5556
1978	3617	40	7	500	5556
1979	3617	41	7	525	5556
1980	3617	42	7	550	5556
1981	3617	43	7	575	5556
1982	3617	44	7	600	5556
1983	3617	45	7	625	5556
1984	3617	46	7	650	5556
1985	3617	47	7	675	5556
1986	3617	48	7	700	5556
1987	3617	49	7	725	5556
1988	3617	50	7	750	5556
1989	3617	51	7	775	5556
1990	3617	52	7	800	5556
1991	3617	53	7	825	5556
1992	3617	54	7	850	5556
1993	3617	55	7	875	5556
1994	3617	56	7	900	5556
1995	3617	57	7	925	5556
1996	3617	58	7	950	5556
1997	3617	59	7	975	5556
1998	3617	60	7	1000	5556
1999	3617	61	9	275	5556
2000	3617	62	9	300	5556
2001	3617	63	9	325	5556
2002	3617	64	9	350	5556
2003	3617	65	9	375	5556
2004	3617	66	9	400	5556
2005	3617	67	9	425	5556
2006	3617	68	9	450	5556
2007	3617	69	9	475	5556
2008	3617	70	9	500	5556
2009	3617	71	9	525	5556
2010	3617	72	9	550	5556
2011	3617	73	9	575	5556
2012	3617	74	9	600	5556
2013	3617	75	9	625	5556
2014	3617	76	9	650	5556
2015	3617	77	9	675	5556
2016	3617	78	9	700	5556
2017	3617	79	9	725	5556
2018	3617	80	9	750	5556
2019	3617	81	9	775	5556
2020	3617	82	9	800	5556
2021	3617	83	9	825	5556
2022	3617	84	9	850	5556
2023	3617	85	9	875	5556
2024	3617	86	9	900	5556
2025	3617	87	9	925	5556
2026	3617	88	9	950	5556
2027	3617	89	9	975	5556
2028	3617	90	9	1000	5556
2029	3617	91	15	275	5556
2030	3617	92	15	300	5556
2031	3617	93	15	325	5556
2032	3617	94	15	350	5556
2033	3617	95	15	375	5556
2034	3617	96	15	400	5556
2035	3617	97	15	425	5556
2036	3617	98	15	450	5556
2037	3617	99	15	475	5556
2038	3617	100	15	500	5556
2039	3617	101	15	525	5555
2040	3617	102	15	550	5555
2041	3617	103	15	575	5555
2042	3617	104	15	600	5555
2043	3617	105	15	625	5555
2044	3617	106	15	650	5555
2045	3617	107	15	675	5555
2046	3617	108	15	700	5555
2047	3617	109	15	725	5555
2048	3617	110	15	750	5555
2049	3617	111	15	775	5555
2050	3617	112	15	800	5555
2051	3617	113	15	825	5555
2052	3617	114	15	850	5555
2053	3617	115	15	875	5555
2054	3617	116	15	900	5555
2055	3617	117	15	925	5555
2056	3617	118	15	950	5555
2057	3617	119	15	975	5555
2058	3617	120	15	1000	5555
2059	3617	121	17	275	5555
2060	3617	122	17	300	5555
2061	3617	123	17	325	5555
2062	3617	124	17	350	5555
2063	3617	125	17	375	5555
2064	3617	126	17	400	5555
2065	3617	127	17	425	5555
2066	3617	128	17	450	5555
2067	3617	129	17	475	5555
2068	3617	130	17	500	5555
2069	3617	131	17	525	5555
2070	3617	132	17	550	5555
2071	3617	133	17	575	5555
2072	3617	134	17	600	5555
2073	3617	135	17	625	5555
2074	3617	136	17	650	5555
2075	3617	137	17	675	5555
2076	3617	138	17	700	5555
2077	3617	139	17	725	5555
2078	3617	140	17	750	5555
2079	3617	141	17	775	5555
2080	3617	142	17	800	5555
2081	3617	143	17	825	5555
2082	3617	144	17	850	5555
2083	3617	145	17	875	5555
2084	3617	146	17	900	5555
2085	3617	147	17	925	5555
2086	3617	148	17	950	5555
2087	3617	149	17	975	5555
2088	3617	150	17	1000	5555
2089	3617	151	105	3	5555
2090	3617	152	105	4	5555
2091	3617	153	105	5	5555
2092	3617	154	105	6	5555
2093	3617	155	105	7	5555
2094	3617	156	105	8	5555
2095	3617	157	107	3	5555
2096	3617	158	107	4	5555
2097	3617	159	107	5	5555
2098	3617	160	107	6	5555
2099	3617	161	107	7	5555
2100	3617	162	107	8	5555
2101	3617	163	109	3	5555
2102	3617	164	109	4	5555
2103	3617	165	109	5	5555
2104	3617	166	109	6	5555
2105	3617	167	109	7	5555
2106	3617	168	109	8	5555
2107	3617	169	115	3	5555
2108	3617	170	115	4	5555
2109	3617	171	115	5	5555
2110	3617	172	115	6	5555
2111	3617	173	115	7	5555
2112	3617	174	115	8	5555
2113	3617	175	117	3	5555
2114	3617	176	117	4	5555
2115	3617	177	117	5	5555
2116	3617	178	117	6	5555
2117	3617	179	117	7	5555
2118	3617	180	117	8	5555
;특급 용루석					
2119	3623	1	5	525	5556
2120	3623	2	5	550	5556
2121	3623	3	5	575	5556
2122	3623	4	5	600	5556
2123	3623	5	5	625	5556
2124	3623	6	5	650	5556
2125	3623	7	5	675	5556
2126	3623	8	5	700	5556
2127	3623	9	5	725	5556
2128	3623	10	5	750	5556
2129	3623	11	5	775	5556
2130	3623	12	5	800	5556
2131	3623	13	5	825	5556
2132	3623	14	5	850	5556
2133	3623	15	5	875	5556
2134	3623	16	5	900	5556
2135	3623	17	5	925	5556
2136	3623	18	5	950	5556
2137	3623	19	5	975	5556
2138	3623	20	5	1000	5556
2139	3623	21	5	1025	5556
2140	3623	22	5	1050	5556
2141	3623	23	5	1075	5556
2142	3623	24	5	1100	5556
2143	3623	25	5	1125	5556
2144	3623	26	5	1150	5556
2145	3623	27	5	1175	5556
2146	3623	28	5	1200	5556
2147	3623	29	5	1225	5556
2148	3623	30	5	1250	5556
2149	3623	31	7	525	5556
2150	3623	32	7	550	5556
2151	3623	33	7	575	5556
2152	3623	34	7	600	5556
2153	3623	35	7	625	5556
2154	3623	36	7	650	5556
2155	3623	37	7	675	5556
2156	3623	38	7	700	5556
2157	3623	39	7	725	5556
2158	3623	40	7	750	5556
2159	3623	41	7	775	5556
2160	3623	42	7	800	5556
2161	3623	43	7	825	5556
2162	3623	44	7	850	5556
2163	3623	45	7	875	5556
2164	3623	46	7	900	5556
2165	3623	47	7	925	5556
2166	3623	48	7	950	5556
2167	3623	49	7	975	5556
2168	3623	50	7	1000	5556
2169	3623	51	7	1025	5556
2170	3623	52	7	1050	5556
2171	3623	53	7	1075	5556
2172	3623	54	7	1100	5556
2173	3623	55	7	1125	5556
2174	3623	56	7	1150	5556
2175	3623	57	7	1175	5556
2176	3623	58	7	1200	5556
2177	3623	59	7	1225	5556
2178	3623	60	7	1250	5556
2179	3623	61	9	525	5556
2180	3623	62	9	550	5556
2181	3623	63	9	575	5556
2182	3623	64	9	600	5556
2183	3623	65	9	625	5556
2184	3623	66	9	650	5556
2185	3623	67	9	675	5556
2186	3623	68	9	700	5556
2187	3623	69	9	725	5556
2188	3623	70	9	750	5556
2189	3623	71	9	775	5556
2190	3623	72	9	800	5556
2191	3623	73	9	825	5556
2192	3623	74	9	850	5556
2193	3623	75	9	875	5556
2194	3623	76	9	900	5556
2195	3623	77	9	925	5556
2196	3623	78	9	950	5556
2197	3623	79	9	975	5556
2198	3623	80	9	1000	5556
2199	3623	81	9	1025	5556
2200	3623	82	9	1050	5556
2201	3623	83	9	1075	5556
2202	3623	84	9	1100	5556
2203	3623	85	9	1125	5556
2204	3623	86	9	1150	5556
2205	3623	87	9	1175	5556
2206	3623	88	9	1200	5556
2207	3623	89	9	1225	5556
2208	3623	90	9	1250	5556
2209	3623	91	15	525	5556
2210	3623	92	15	550	5556
2211	3623	93	15	575	5556
2212	3623	94	15	600	5556
2213	3623	95	15	625	5556
2214	3623	96	15	650	5556
2215	3623	97	15	675	5556
2216	3623	98	15	700	5556
2217	3623	99	15	725	5556
2218	3623	100	15	750	5556
2219	3623	101	15	775	5555
2220	3623	102	15	800	5555
2221	3623	103	15	825	5555
2222	3623	104	15	850	5555
2223	3623	105	15	875	5555
2224	3623	106	15	900	5555
2225	3623	107	15	925	5555
2226	3623	108	15	950	5555
2227	3623	109	15	975	5555
2228	3623	110	15	1000	5555
2229	3623	111	15	1025	5555
2230	3623	112	15	1050	5555
2231	3623	113	15	1075	5555
2232	3623	114	15	1100	5555
2233	3623	115	15	1125	5555
2234	3623	116	15	1150	5555
2235	3623	117	15	1175	5555
2236	3623	118	15	1200	5555
2237	3623	119	15	1225	5555
2238	3623	120	15	1250	5555
2239	3623	121	17	525	5555
2240	3623	122	17	550	5555
2241	3623	123	17	575	5555
2242	3623	124	17	600	5555
2243	3623	125	17	625	5555
2244	3623	126	17	650	5555
2245	3623	127	17	675	5555
2246	3623	128	17	700	5555
2247	3623	129	17	725	5555
2248	3623	130	17	750	5555
2249	3623	131	17	775	5555
2250	3623	132	17	800	5555
2251	3623	133	17	825	5555
2252	3623	134	17	850	5555
2253	3623	135	17	875	5555
2254	3623	136	17	900	5555
2255	3623	137	17	925	5555
2256	3623	138	17	950	5555
2257	3623	139	17	975	5555
2258	3623	140	17	1000	5555
2259	3623	141	17	1025	5555
2260	3623	142	17	1050	5555
2261	3623	143	17	1075	5555
2262	3623	144	17	1100	5555
2263	3623	145	17	1125	5555
2264	3623	146	17	1150	5555
2265	3623	147	17	1175	5555
2266	3623	148	17	1200	5555
2267	3623	149	17	1225	5555
2268	3623	150	17	1250	5555
2269	3623	151	105	5	5555
2270	3623	152	105	6	5555
2271	3623	153	105	7	5555
2272	3623	154	105	8	5555
2273	3623	155	105	9	5555
2274	3623	156	105	10	5555
2275	3623	157	107	5	5555
2276	3623	158	107	6	5555
2277	3623	159	107	7	5555
2278	3623	160	107	8	5555
2279	3623	161	107	9	5555
2280	3623	162	107	10	5555
2281	3623	163	109	5	5555
2282	3623	164	109	6	5555
2283	3623	165	109	7	5555
2284	3623	166	109	8	5555
2285	3623	167	109	9	5555
2286	3623	168	109	10	5555
2287	3623	169	115	5	5555
2288	3623	170	115	6	5555
2289	3623	171	115	7	5555
2290	3623	172	115	8	5555
2291	3623	173	115	9	5555
2292	3623	174	115	10	5555
2293	3623	175	117	5	5555
2294	3623	176	117	6	5555
2295	3623	177	117	7	5555
2296	3623	178	117	8	5555
2297	3623	179	117	9	5555
2298	3623	180	117	10	5555
;3급 미명석					
2299	3606	1	136	1	8334
2300	3606	2	136	2	8334
2301	3606	3	136	3	8334
2302	3606	4	136	4	8334
2303	3606	5	136	5	8334
2304	3606	6	136	6	8334
2305	3606	7	136	7	8334
2306	3606	8	136	8	8334
2307	3606	9	136	9	8334
2308	3606	10	136	10	8334
2309	3606	11	136	11	8334
2310	3606	12	136	12	8334
2311	3606	13	136	13	8334
2312	3606	14	136	14	8334
2313	3606	15	136	15	8334
2314	3606	16	136	16	8334
2315	3606	17	136	17	8334
2316	3606	18	136	18	8334
2317	3606	19	136	19	8334
2318	3606	20	136	20	8334
2319	3606	21	137	1	8334
2320	3606	22	137	2	8334
2321	3606	23	137	3	8334
2322	3606	24	137	4	8334
2323	3606	25	137	5	8334
2324	3606	26	137	6	8334
2325	3606	27	137	7	8334
2326	3606	28	137	8	8334
2327	3606	29	137	9	8334
2328	3606	30	137	10	8334
2329	3606	31	137	11	8334
2330	3606	32	137	12	8334
2331	3606	33	137	13	8334
2332	3606	34	137	14	8334
2333	3606	35	137	15	8334
2334	3606	36	137	16	8334
2335	3606	37	137	17	8334
2336	3606	38	137	18	8334
2337	3606	39	137	19	8334
2338	3606	40	137	20	8334
2339	3606	41	138	1	8333
2340	3606	42	138	2	8333
2341	3606	43	138	3	8333
2342	3606	44	138	4	8333
2343	3606	45	138	5	8333
2344	3606	46	138	6	8333
2345	3606	47	138	7	8333
2346	3606	48	138	8	8333
2347	3606	49	138	9	8333
2348	3606	50	138	10	8333
2349	3606	51	138	11	8333
2350	3606	52	138	12	8333
2351	3606	53	138	13	8333
2352	3606	54	138	14	8333
2353	3606	55	138	15	8333
2354	3606	56	138	16	8333
2355	3606	57	138	17	8333
2356	3606	58	138	18	8333
2357	3606	59	138	19	8333
2358	3606	60	138	20	8333
2359	3606	61	139	1	8333
2360	3606	62	139	2	8333
2361	3606	63	139	3	8333
2362	3606	64	139	4	8333
2363	3606	65	139	5	8333
2364	3606	66	139	6	8333
2365	3606	67	139	7	8333
2366	3606	68	139	8	8333
2367	3606	69	139	9	8333
2368	3606	70	139	10	8333
2369	3606	71	139	11	8333
2370	3606	72	139	12	8333
2371	3606	73	139	13	8333
2372	3606	74	139	14	8333
2373	3606	75	139	15	8333
2374	3606	76	139	16	8333
2375	3606	77	139	17	8333
2376	3606	78	139	18	8333
2377	3606	79	139	19	8333
2378	3606	80	139	20	8333
2379	3606	81	140	1	8333
2380	3606	82	140	2	8333
2381	3606	83	140	3	8333
2382	3606	84	140	4	8333
2383	3606	85	140	5	8333
2384	3606	86	140	6	8333
2385	3606	87	140	7	8333
2386	3606	88	140	8	8333
2387	3606	89	140	9	8333
2388	3606	90	140	10	8333
2389	3606	91	140	11	8333
2390	3606	92	140	12	8333
2391	3606	93	140	13	8333
2392	3606	94	140	14	8333
2393	3606	95	140	15	8333
2394	3606	96	140	16	8333
2395	3606	97	140	17	8333
2396	3606	98	140	18	8333
2397	3606	99	140	19	8333
2398	3606	100	140	20	8333
2399	3606	101	36	1	8333
2400	3606	102	36	2	8333
2401	3606	103	36	3	8333
2402	3606	104	36	4	8333
2403	3606	105	37	1	8333
2404	3606	106	37	2	8333
2405	3606	107	37	3	8333
2406	3606	108	37	4	8333
2407	3606	109	38	1	8333
2408	3606	110	38	2	8333
2409	3606	111	38	3	8333
2410	3606	112	38	4	8333
2411	3606	113	39	1	8333
2412	3606	114	39	2	8333
2413	3606	115	39	3	8333
2414	3606	116	39	4	8333
2415	3606	117	40	1	8333
2416	3606	118	40	2	8333
2417	3606	119	40	3	8333
2418	3606	120	40	4	8333
;2급 미명석					
2419	3612	1	136	1	5556
2420	3612	2	136	2	5556
2421	3612	3	136	3	5556
2422	3612	4	136	4	5556
2423	3612	5	136	5	5556
2424	3612	6	136	6	5556
2425	3612	7	136	7	5556
2426	3612	8	136	8	5556
2427	3612	9	136	9	5556
2428	3612	10	136	10	5556
2429	3612	11	136	11	5556
2430	3612	12	136	12	5556
2431	3612	13	136	13	5556
2432	3612	14	136	14	5556
2433	3612	15	136	15	5556
2434	3612	16	136	16	5556
2435	3612	17	136	17	5556
2436	3612	18	136	18	5556
2437	3612	19	136	19	5556
2438	3612	20	136	20	5556
2439	3612	21	136	21	5556
2440	3612	22	136	22	5556
2441	3612	23	136	23	5556
2442	3612	24	136	24	5556
2443	3612	25	136	25	5556
2444	3612	26	136	26	5556
2445	3612	27	136	27	5556
2446	3612	28	136	28	5556
2447	3612	29	136	29	5556
2448	3612	30	136	30	5556
2449	3612	31	137	1	5556
2450	3612	32	137	2	5556
2451	3612	33	137	3	5556
2452	3612	34	137	4	5556
2453	3612	35	137	5	5556
2454	3612	36	137	6	5556
2455	3612	37	137	7	5556
2456	3612	38	137	8	5556
2457	3612	39	137	9	5556
2458	3612	40	137	10	5556
2459	3612	41	137	11	5556
2460	3612	42	137	12	5556
2461	3612	43	137	13	5556
2462	3612	44	137	14	5556
2463	3612	45	137	15	5556
2464	3612	46	137	16	5556
2465	3612	47	137	17	5556
2466	3612	48	137	18	5556
2467	3612	49	137	19	5556
2468	3612	50	137	20	5556
2469	3612	51	137	21	5556
2470	3612	52	137	22	5556
2471	3612	53	137	23	5556
2472	3612	54	137	24	5556
2473	3612	55	137	25	5556
2474	3612	56	137	26	5556
2475	3612	57	137	27	5556
2476	3612	58	137	28	5556
2477	3612	59	137	29	5556
2478	3612	60	137	30	5556
2479	3612	61	138	1	5556
2480	3612	62	138	2	5556
2481	3612	63	138	3	5556
2482	3612	64	138	4	5556
2483	3612	65	138	5	5556
2484	3612	66	138	6	5556
2485	3612	67	138	7	5556
2486	3612	68	138	8	5556
2487	3612	69	138	9	5556
2488	3612	70	138	10	5556
2489	3612	71	138	11	5556
2490	3612	72	138	12	5556
2491	3612	73	138	13	5556
2492	3612	74	138	14	5556
2493	3612	75	138	15	5556
2494	3612	76	138	16	5556
2495	3612	77	138	17	5556
2496	3612	78	138	18	5556
2497	3612	79	138	19	5556
2498	3612	80	138	20	5556
2499	3612	81	138	21	5556
2500	3612	82	138	22	5556
2501	3612	83	138	23	5556
2502	3612	84	138	24	5556
2503	3612	85	138	25	5556
2504	3612	86	138	26	5556
2505	3612	87	138	27	5556
2506	3612	88	138	28	5556
2507	3612	89	138	29	5556
2508	3612	90	138	30	5556
2509	3612	91	139	1	5556
2510	3612	92	139	2	5556
2511	3612	93	139	3	5556
2512	3612	94	139	4	5556
2513	3612	95	139	5	5556
2514	3612	96	139	6	5556
2515	3612	97	139	7	5556
2516	3612	98	139	8	5556
2517	3612	99	139	9	5556
2518	3612	100	139	10	5556
2519	3612	101	139	11	5555
2520	3612	102	139	12	5555
2521	3612	103	139	13	5555
2522	3612	104	139	14	5555
2523	3612	105	139	15	5555
2524	3612	106	139	16	5555
2525	3612	107	139	17	5555
2526	3612	108	139	18	5555
2527	3612	109	139	19	5555
2528	3612	110	139	20	5555
2529	3612	111	139	21	5555
2530	3612	112	139	22	5555
2531	3612	113	139	23	5555
2532	3612	114	139	24	5555
2533	3612	115	139	25	5555
2534	3612	116	139	26	5555
2535	3612	117	139	27	5555
2536	3612	118	139	28	5555
2537	3612	119	139	29	5555
2538	3612	120	139	30	5555
2539	3612	121	140	1	5555
2540	3612	122	140	2	5555
2541	3612	123	140	3	5555
2542	3612	124	140	4	5555
2543	3612	125	140	5	5555
2544	3612	126	140	6	5555
2545	3612	127	140	7	5555
2546	3612	128	140	8	5555
2547	3612	129	140	9	5555
2548	3612	130	140	10	5555
2549	3612	131	140	11	5555
2550	3612	132	140	12	5555
2551	3612	133	140	13	5555
2552	3612	134	140	14	5555
2553	3612	135	140	15	5555
2554	3612	136	140	16	5555
2555	3612	137	140	17	5555
2556	3612	138	140	18	5555
2557	3612	139	140	19	5555
2558	3612	140	140	20	5555
2559	3612	141	140	21	5555
2560	3612	142	140	22	5555
2561	3612	143	140	23	5555
2562	3612	144	140	24	5555
2563	3612	145	140	25	5555
2564	3612	146	140	26	5555
2565	3612	147	140	27	5555
2566	3612	148	140	28	5555
2567	3612	149	140	29	5555
2568	3612	150	140	30	5555
2569	3612	151	36	1	5555
2570	3612	152	36	2	5555
2571	3612	153	36	3	5555
2572	3612	154	36	4	5555
2573	3612	155	36	5	5555
2574	3612	156	36	6	5555
2575	3612	157	37	1	5555
2576	3612	158	37	2	5555
2577	3612	159	37	3	5555
2578	3612	160	37	4	5555
2579	3612	161	37	5	5555
2580	3612	162	37	6	5555
2581	3612	163	38	1	5555
2582	3612	164	38	2	5555
2583	3612	165	38	3	5555
2584	3612	166	38	4	5555
2585	3612	167	38	5	5555
2586	3612	168	38	6	5555
2587	3612	169	39	1	5555
2588	3612	170	39	2	5555
2589	3612	171	39	3	5555
2590	3612	172	39	4	5555
2591	3612	173	39	5	5555
2592	3612	174	39	6	5555
2593	3612	175	40	1	5555
2594	3612	176	40	2	5555
2595	3612	177	40	3	5555
2596	3612	178	40	4	5555
2597	3612	179	40	5	5555
2598	3612	180	40	6	5555
;1급 미명석					
2599	3618	1	136	11	5556
2600	3618	2	136	12	5556
2601	3618	3	136	13	5556
2602	3618	4	136	14	5556
2603	3618	5	136	15	5556
2604	3618	6	136	16	5556
2605	3618	7	136	17	5556
2606	3618	8	136	18	5556
2607	3618	9	136	19	5556
2608	3618	10	136	20	5556
2609	3618	11	136	21	5556
2610	3618	12	136	22	5556
2611	3618	13	136	23	5556
2612	3618	14	136	24	5556
2613	3618	15	136	25	5556
2614	3618	16	136	26	5556
2615	3618	17	136	27	5556
2616	3618	18	136	28	5556
2617	3618	19	136	29	5556
2618	3618	20	136	30	5556
2619	3618	21	136	31	5556
2620	3618	22	136	32	5556
2621	3618	23	136	33	5556
2622	3618	24	136	34	5556
2623	3618	25	136	35	5556
2624	3618	26	136	36	5556
2625	3618	27	136	37	5556
2626	3618	28	136	38	5556
2627	3618	29	136	39	5556
2628	3618	30	136	40	5556
2629	3618	31	137	11	5556
2630	3618	32	137	12	5556
2631	3618	33	137	13	5556
2632	3618	34	137	14	5556
2633	3618	35	137	15	5556
2634	3618	36	137	16	5556
2635	3618	37	137	17	5556
2636	3618	38	137	18	5556
2637	3618	39	137	19	5556
2638	3618	40	137	20	5556
2639	3618	41	137	21	5556
2640	3618	42	137	22	5556
2641	3618	43	137	23	5556
2642	3618	44	137	24	5556
2643	3618	45	137	25	5556
2644	3618	46	137	26	5556
2645	3618	47	137	27	5556
2646	3618	48	137	28	5556
2647	3618	49	137	29	5556
2648	3618	50	137	30	5556
2649	3618	51	137	31	5556
2650	3618	52	137	32	5556
2651	3618	53	137	33	5556
2652	3618	54	137	34	5556
2653	3618	55	137	35	5556
2654	3618	56	137	36	5556
2655	3618	57	137	37	5556
2656	3618	58	137	38	5556
2657	3618	59	137	39	5556
2658	3618	60	137	40	5556
2659	3618	61	138	11	5556
2660	3618	62	138	12	5556
2661	3618	63	138	13	5556
2662	3618	64	138	14	5556
2663	3618	65	138	15	5556
2664	3618	66	138	16	5556
2665	3618	67	138	17	5556
2666	3618	68	138	18	5556
2667	3618	69	138	19	5556
2668	3618	70	138	20	5556
2669	3618	71	138	21	5556
2670	3618	72	138	22	5556
2671	3618	73	138	23	5556
2672	3618	74	138	24	5556
2673	3618	75	138	25	5556
2674	3618	76	138	26	5556
2675	3618	77	138	27	5556
2676	3618	78	138	28	5556
2677	3618	79	138	29	5556
2678	3618	80	138	30	5556
2679	3618	81	138	31	5556
2680	3618	82	138	32	5556
2681	3618	83	138	33	5556
2682	3618	84	138	34	5556
2683	3618	85	138	35	5556
2684	3618	86	138	36	5556
2685	3618	87	138	37	5556
2686	3618	88	138	38	5556
2687	3618	89	138	39	5556
2688	3618	90	138	40	5556
2689	3618	91	139	11	5556
2690	3618	92	139	12	5556
2691	3618	93	139	13	5556
2692	3618	94	139	14	5556
2693	3618	95	139	15	5556
2694	3618	96	139	16	5556
2695	3618	97	139	17	5556
2696	3618	98	139	18	5556
2697	3618	99	139	19	5556
2698	3618	100	139	20	5556
2699	3618	101	139	21	5555
2700	3618	102	139	22	5555
2701	3618	103	139	23	5555
2702	3618	104	139	24	5555
2703	3618	105	139	25	5555
2704	3618	106	139	26	5555
2705	3618	107	139	27	5555
2706	3618	108	139	28	5555
2707	3618	109	139	29	5555
2708	3618	110	139	30	5555
2709	3618	111	139	31	5555
2710	3618	112	139	32	5555
2711	3618	113	139	33	5555
2712	3618	114	139	34	5555
2713	3618	115	139	35	5555
2714	3618	116	139	36	5555
2715	3618	117	139	37	5555
2716	3618	118	139	38	5555
2717	3618	119	139	39	5555
2718	3618	120	139	40	5555
2719	3618	121	140	11	5555
2720	3618	122	140	12	5555
2721	3618	123	140	13	5555
2722	3618	124	140	14	5555
2723	3618	125	140	15	5555
2724	3618	126	140	16	5555
2725	3618	127	140	17	5555
2726	3618	128	140	18	5555
2727	3618	129	140	19	5555
2728	3618	130	140	20	5555
2729	3618	131	140	21	5555
2730	3618	132	140	22	5555
2731	3618	133	140	23	5555
2732	3618	134	140	24	5555
2733	3618	135	140	25	5555
2734	3618	136	140	26	5555
2735	3618	137	140	27	5555
2736	3618	138	140	28	5555
2737	3618	139	140	29	5555
2738	3618	140	140	30	5555
2739	3618	141	140	31	5555
2740	3618	142	140	32	5555
2741	3618	143	140	33	5555
2742	3618	144	140	34	5555
2743	3618	145	140	35	5555
2744	3618	146	140	36	5555
2745	3618	147	140	37	5555
2746	3618	148	140	38	5555
2747	3618	149	140	39	5555
2748	3618	150	140	40	5555
2749	3618	151	36	3	5555
2750	3618	152	36	4	5555
2751	3618	153	36	5	5555
2752	3618	154	36	6	5555
2753	3618	155	36	7	5555
2754	3618	156	36	8	5555
2755	3618	157	37	3	5555
2756	3618	158	37	4	5555
2757	3618	159	37	5	5555
2758	3618	160	37	6	5555
2759	3618	161	37	7	5555
2760	3618	162	37	8	5555
2761	3618	163	38	3	5555
2762	3618	164	38	4	5555
2763	3618	165	38	5	5555
2764	3618	166	38	6	5555
2765	3618	167	38	7	5555
2766	3618	168	38	8	5555
2767	3618	169	39	3	5555
2768	3618	170	39	4	5555
2769	3618	171	39	5	5555
2770	3618	172	39	6	5555
2771	3618	173	39	7	5555
2772	3618	174	39	8	5555
2773	3618	175	40	3	5555
2774	3618	176	40	4	5555
2775	3618	177	40	5	5555
2776	3618	178	40	6	5555
2777	3618	179	40	7	5555
2778	3618	180	40	8	5555
;특급 미명석					
2779	3624	1	136	21	5556
2780	3624	2	136	22	5556
2781	3624	3	136	23	5556
2782	3624	4	136	24	5556
2783	3624	5	136	25	5556
2784	3624	6	136	26	5556
2785	3624	7	136	27	5556
2786	3624	8	136	28	5556
2787	3624	9	136	29	5556
2788	3624	10	136	30	5556
2789	3624	11	136	31	5556
2790	3624	12	136	32	5556
2791	3624	13	136	33	5556
2792	3624	14	136	34	5556
2793	3624	15	136	35	5556
2794	3624	16	136	36	5556
2795	3624	17	136	37	5556
2796	3624	18	136	38	5556
2797	3624	19	136	39	5556
2798	3624	20	136	40	5556
2799	3624	21	136	41	5556
2800	3624	22	136	42	5556
2801	3624	23	136	43	5556
2802	3624	24	136	44	5556
2803	3624	25	136	45	5556
2804	3624	26	136	46	5556
2805	3624	27	136	47	5556
2806	3624	28	136	48	5556
2807	3624	29	136	49	5556
2808	3624	30	136	50	5556
2809	3624	31	137	21	5556
2810	3624	32	137	22	5556
2811	3624	33	137	23	5556
2812	3624	34	137	24	5556
2813	3624	35	137	25	5556
2814	3624	36	137	26	5556
2815	3624	37	137	27	5556
2816	3624	38	137	28	5556
2817	3624	39	137	29	5556
2818	3624	40	137	30	5556
2819	3624	41	137	31	5556
2820	3624	42	137	32	5556
2821	3624	43	137	33	5556
2822	3624	44	137	34	5556
2823	3624	45	137	35	5556
2824	3624	46	137	36	5556
2825	3624	47	137	37	5556
2826	3624	48	137	38	5556
2827	3624	49	137	39	5556
2828	3624	50	137	40	5556
2829	3624	51	137	41	5556
2830	3624	52	137	42	5556
2831	3624	53	137	43	5556
2832	3624	54	137	44	5556
2833	3624	55	137	45	5556
2834	3624	56	137	46	5556
2835	3624	57	137	47	5556
2836	3624	58	137	48	5556
2837	3624	59	137	49	5556
2838	3624	60	137	50	5556
2839	3624	61	138	21	5556
2840	3624	62	138	22	5556
2841	3624	63	138	23	5556
2842	3624	64	138	24	5556
2843	3624	65	138	25	5556
2844	3624	66	138	26	5556
2845	3624	67	138	27	5556
2846	3624	68	138	28	5556
2847	3624	69	138	29	5556
2848	3624	70	138	30	5556
2849	3624	71	138	31	5556
2850	3624	72	138	32	5556
2851	3624	73	138	33	5556
2852	3624	74	138	34	5556
2853	3624	75	138	35	5556
2854	3624	76	138	36	5556
2855	3624	77	138	37	5556
2856	3624	78	138	38	5556
2857	3624	79	138	39	5556
2858	3624	80	138	40	5556
2859	3624	81	138	41	5556
2860	3624	82	138	42	5556
2861	3624	83	138	43	5556
2862	3624	84	138	44	5556
2863	3624	85	138	45	5556
2864	3624	86	138	46	5556
2865	3624	87	138	47	5556
2866	3624	88	138	48	5556
2867	3624	89	138	49	5556
2868	3624	90	138	50	5556
2869	3624	91	139	21	5556
2870	3624	92	139	22	5556
2871	3624	93	139	23	5556
2872	3624	94	139	24	5556
2873	3624	95	139	25	5556
2874	3624	96	139	26	5556
2875	3624	97	139	27	5556
2876	3624	98	139	28	5556
2877	3624	99	139	29	5556
2878	3624	100	139	30	5556
2879	3624	101	139	31	5555
2880	3624	102	139	32	5555
2881	3624	103	139	33	5555
2882	3624	104	139	34	5555
2883	3624	105	139	35	5555
2884	3624	106	139	36	5555
2885	3624	107	139	37	5555
2886	3624	108	139	38	5555
2887	3624	109	139	39	5555
2888	3624	110	139	40	5555
2889	3624	111	139	41	5555
2890	3624	112	139	42	5555
2891	3624	113	139	43	5555
2892	3624	114	139	44	5555
2893	3624	115	139	45	5555
2894	3624	116	139	46	5555
2895	3624	117	139	47	5555
2896	3624	118	139	48	5555
2897	3624	119	139	49	5555
2898	3624	120	139	50	5555
2899	3624	121	140	21	5555
2900	3624	122	140	22	5555
2901	3624	123	140	23	5555
2902	3624	124	140	24	5555
2903	3624	125	140	25	5555
2904	3624	126	140	26	5555
2905	3624	127	140	27	5555
2906	3624	128	140	28	5555
2907	3624	129	140	29	5555
2908	3624	130	140	30	5555
2909	3624	131	140	31	5555
2910	3624	132	140	32	5555
2911	3624	133	140	33	5555
2912	3624	134	140	34	5555
2913	3624	135	140	35	5555
2914	3624	136	140	36	5555
2915	3624	137	140	37	5555
2916	3624	138	140	38	5555
2917	3624	139	140	39	5555
2918	3624	140	140	40	5555
2919	3624	141	140	41	5555
2920	3624	142	140	42	5555
2921	3624	143	140	43	5555
2922	3624	144	140	44	5555
2923	3624	145	140	45	5555
2924	3624	146	140	46	5555
2925	3624	147	140	47	5555
2926	3624	148	140	48	5555
2927	3624	149	140	49	5555
2928	3624	150	140	50	5555
2929	3624	151	36	5	5555
2930	3624	152	36	6	5555
2931	3624	153	36	7	5555
2932	3624	154	36	8	5555
2933	3624	155	36	9	5555
2934	3624	156	36	10	5555
2935	3624	157	37	5	5555
2936	3624	158	37	6	5555
2937	3624	159	37	7	5555
2938	3624	160	37	8	5555
2939	3624	161	37	9	5555
2940	3624	162	37	10	5555
2941	3624	163	38	5	5555
2942	3624	164	38	6	5555
2943	3624	165	38	7	5555
2944	3624	166	38	8	5555
2945	3624	167	38	9	5555
2946	3624	168	38	10	5555
2947	3624	169	39	5	5555
2948	3624	170	39	6	5555
2949	3624	171	39	7	5555
2950	3624	172	39	8	5555
2951	3624	173	39	9	5555
2952	3624	174	39	10	5555
2953	3624	175	40	5	5555
2954	3624	176	40	6	5555
2955	3624	177	40	7	5555
2956	3624	178	40	8	5555
2957	3624	179	40	9	5555
2958	3624	180	40	10	5555
